snippet_id,main_dest,sub_dest,search_term,formatted_address,lat,lng,country,pincode,state,district
102613,kerala,"[102613, ['bathing', 'kodanad']]","bathing kodanad, kerala","Kodanad, Kerala 683544, India",10.1826428,76.51702879999999,India,683544,Kerala,Ernakulam
102614,kerala,"[102614, ['alleppey']]","alleppey, kerala","Alappuzha, Kerala, India",9.498066699999999,76.3388484,India,,Kerala,Alappuzha
102615,kerala,"[102615, ['watch', 'neelakurinji', 'bloom', 'munnar']]","watch neelakurinji bloom munnar, kerala","Aluva - Munnar Road, Kannan Devan Hills, Kerala 685561, India",10.1310301,77.2311601,India,685561,Kerala,Idukki
102617,kerala,"[102617, ['veli']]","veli, kerala","Veli, Thiruvananthapuram, Kerala, India",8.5172194,76.88290549999999,India,,Kerala,Thiruvananthapuram
102618,kerala,"[102618, ['shikara', 'alappuzha']]","shikara alappuzha, kerala","Near Haveli, Backwater Resort, Finishing Point Road, Thathampally, Alappuzha, Kerala 688013, India",9.5001451,76.34936259999999,India,688013,Kerala,
102619,kerala,"[102619, ['snake', 'races']]","snake races, kerala","Karumadi, Kerala 688561, India",9.380330599999999,76.38594619999999,India,688561,Kerala,Alappuzha
102621,kerala,"[102621, ['take', 'spice']]","take spice, kerala","Adam Square,, Aluva Road, Angamaly, Kerala 683572, India",10.182802,76.381286,India,683572,Kerala,
102622,kerala,"[102622, ['coffee', 'wayanad']]","coffee wayanad, kerala","PP 1/420, DFO Estates, Near 12th bridge, Vythiri, Kerala 673591, India",11.5713723,76.02700519999999,India,673591,Kerala,Wayanad
102623,kerala,"[102623, ['architecture', 'kochi']]","architecture kochi, kerala","MATHAI MANJURAN ROAD, Kochi, Kerala 682018, India",9.990121,76.276442,India,682018,Kerala,
102624,kerala,"[102624, ['watch', 'theyyam']]","watch theyyam, kerala","Thayatheru Rd, Thayatheru, Thana, Kannur, Kerala 670012, India",11.8737976,75.37601430000001,India,670012,Kerala,Kannur
102625,kerala,"[102625, ['munnar']]","munnar, kerala","Munnar, Kerala 685612, India",10.0889333,77.05952479999999,India,685612,Kerala,Idukki
102626,kerala,"[102626, ['bird', 'watching', 'kumarakom']]","bird watching kumarakom, kerala","Kumarakom Bird Sanctuary Observatory Tower, Kavanattinkara, Kumarakom, Kerala 686563, India",9.6312327,76.41947250000001,India,686563,Kerala,Kottayam
102627,kerala,"[102627, ['arabian']]","arabian, kerala","Palliyamoola, Payyambalam Extension, Chalad, Kannur, Kerala 670014, India",11.8808976,75.344701,India,670014,Kerala,
102628,kerala,"[102628, ['periyar', 'jungle']]","periyar jungle, kerala","Anic Holidays Pvt Ltd, Door no -1 , Santhom Complex, 1st mile, Thekkady, Kumily, Kerala 685509, India",9.61825,77.157105,India,685509,Kerala,
102629,kerala,"[102629, ['get', 'drenched']]","get drenched, kerala","Kerala, India",10.8505159,76.2710833,India,,Kerala,
102630,kerala,"[102630, ['bananas']]","bananas, kerala","6/1044 Kannur Road Opp To Paragon Hotel, Kerala 673001, India",11.2566876,75.7783384,India,673001,Kerala,Kozhikode
102631,kerala,"[102631, ['kovalam']]","kovalam, kerala","Kovalam, Kerala, India",8.4003984,76.97870759999999,India,,Kerala,Thiruvananthapuram
102632,kerala,"[102632, ['idukki']]","idukki, kerala","Idukki, Kerala, India",9.9188973,77.10249019999999,India,,Kerala,Idukki
102738,kerala,"[102738, ['marari']]","marari, kerala","Alappuzha-Arthunkal- Cherthala, Thoppumpady road, Mararikulam, Alappuzha, Kerala 688523, India",9.601583100000001,76.2983323,India,688523,Kerala,
102739,kerala,"[102739, ['lemon', 'vembanad', 'kerala']]","lemon vembanad kerala, kerala","Janasakthi Road, Muhamma, Kayippuram, Alappuzha, Kerala 688525, India",9.619013899999999,76.37217679999999,India,688525,Kerala,
102740,kerala,"[102740, ['nova', 'holidays']]","nova holidays, kerala","Punnamada Finishing Point Rd, North of HMCA Church, Alappuzha, Kerala 688013, India",9.508583999999999,76.351486,India,688013,Kerala,
102741,kerala,"[102741, ['kayaloram']]","kayaloram, kerala","Kayaloram Rd, Punnamada, Kottankulangara, Aryad South, Kerala 688006, India",9.5266136,76.35529509999999,India,688006,Kerala,Alappuzha
102742,kerala,"[102742, ['mahindra', 'munnar']]","mahindra munnar, kerala","Chinnakanal, Kerala 685618, India",10.038968,77.16351759999999,India,685618,Kerala,Idukki
102743,kerala,"[102743, ['devonshire', 'greens']]","devonshire greens, kerala","Attukad Waterfall Road, Pallivasal P.O, Munnar, Kerala 685612, India",10.049239,77.056716,India,685612,Kerala,
102744,kerala,"[102744, ['westwood', 'riverside']]","westwood riverside, kerala","MSA Road, Moolakadai, Munnar, Kerala 685612, India",10.0740824,77.0644449,India,685612,Kerala,
102745,kerala,"[102745, ['taj', 'vivanta']]","taj vivanta, kerala","CV Raman Pillai Rd, DPI, Thycaud, Thiruvananthapuram, Kerala 695014, India",8.4972588,76.9581236,India,695014,Kerala,Thiruvananthapuram
102746,kerala,"[102746, ['poovar']]","poovar, kerala","Poovar, Kerala 695525, India",8.317777399999999,77.07087589999999,India,695525,Kerala,Thiruvananthapuram
102747,kerala,"[102747, ['abad', 'harmonia', 'ayurveda']]","abad harmonia ayurveda, kerala","Chowara, Adimalathura, Kovalam, Kerala 695501, India",8.3556981,77.020494,India,695501,Kerala,
102748,kerala,"[102748, ['nirmaaya', 'retreats', 'cardamom']]","nirmaaya retreats cardamom, kerala","66th Mile, V&V Estates, Kumily, Kerala 685509, India",9.5984977,77.1530842,India,685509,Kerala,Idukki
102749,kerala,"[102749, ['carmelia']]","carmelia, kerala","Vandanmedu, Idukki, Periyar, Kerala 685551, India",9.733725699999999,77.1491085,India,685551,Kerala,
102750,kerala,"[102750, ['mayapott']]","mayapott, kerala","Kadamakuzhy, Vallakadavu, Periyar, Kerala 685515, India",9.7032493,77.1028856,India,685515,Kerala,
102751,kerala,"[102751, ['windflower']]","windflower, kerala","Annapoorna Estate, Survey No. 40/ 2B, Resurvey No. 330/1, Vythiri Taluk, Achoornam, Kerala 673575, India",11.587732,76.039239,India,673575,Kerala,
102752,kerala,"[102752, ['wayanad']]","wayanad, kerala","Wayanad, Kerala, India",11.6853575,76.1319953,India,,Kerala,Wayanad
102753,kerala,"[102753, ['banasura']]","banasura, kerala","Banasura Hill, Kerala 670731",11.694167,75.908056,India,670731,Kerala,Wayanad
102901,kerala,"[102901, ['wayanad']]","wayanad, kerala","Wayanad, Kerala, India",11.6853575,76.1319953,India,,Kerala,Wayanad
102633,,"[102633, ['scratch', 'map']]","scratch map, ",,,,,,,
102634,,"[102634, ['bag']]","bag, ","205 E Grand Ave, Ponca City, OK 74601, USA",36.7040653,-97.0821649,United States,74601,Oklahoma,Kay County
102635,,"[102635, ['passport', 'covers']]","passport covers, ",United States,37.09024,-95.712891,United States,,,
102636,,"[102636, ['instant', 'messenger', 'bag']]","instant messenger bag, ",,,,,,,
102637,,"[102637, ['personalised', 'airport', 'departures']]","personalised airport departures, ","Wichita Dwight D. Eisenhower National Airport (ICT), 2277 Eisenhower Airport Pkwy, Wichita, KS 67209, USA",37.6508529,-97.42869879999999,United States,67209,Kansas,Sedgwick County
102638,,"[102638, ['iphone', 'camera', 'lens', 'system']]","iphone camera lens system, ","420 9th Ave, New York, NY 10001, USA",40.7529454,-73.996337,United States,10001,New York,New York County
102639,,"[102639, ['map', 'phone', 'case']]","map phone case, ","1711 S National Ave, Fort Scott, KS 66701, USA",37.82006800000001,-94.706184,United States,66701,Kansas,Bourbon County
102640,,"[102640, ['noise', 'cancelling', 'headphones']]","noise cancelling headphones, ","705 Saint-Catherine St W Suite 2142d, Montreal, QC H3B 4G5, Canada",45.5027013,-73.57094289999999,Canada,H3B 4G5,Quebec,Montreal
102641,,"[102641, ['wi', 'fi', 'detector', 'shirt']]","wi fi detector shirt, ",,,,,,,
102642,,"[102642, ['stub', 'diary']]","stub diary, ",,,,,,,
102643,,"[102643, ['global', 'translator']]","global translator, ","920 M.L.K. Jr Blvd, Chapel Hill, NC 27514, USA",35.931121,-79.05445250000001,United States,27514,North Carolina,Orange County
102644,,"[102644, ['map', 'design', 'overnight', 'bag']]","map design overnight bag, ",,,,,,,
102645,,"[102645, ['filtration', 'press']]","filtration press, ","PO Box 95, Palmer Lake, CO 80133, USA",39.11361910000001,-104.9009254,United States,80133,Colorado,El Paso County
102646,,"[102646, ['swissbit', 'swiss', 'army']]","swissbit swiss army, ",,,,,,,
102647,,"[102647, ['neon', 'sign']]","neon sign, ","5676 S 107th E Ave, Tulsa, OK 74146, USA",36.0802437,-95.85818250000001,United States,74146,Oklahoma,Tulsa County
102823,,"[102823, ['laponian', 'sweden']]","laponian sweden, ","Box147, 962 24 Jokkmokk, Sweden",66.60377749999999,19.7799895,Sweden,962 24,,
102824,,"[102824, ['das', 'ottensheim', 'austria']]","das ottensheim austria, ","4100 Ottensheim, Austria",48.332172,14.1743045,Austria,4100,Upper Austria,Urfahr-Umgebung District
102825,,"[102825, ['de', 'vrouwe', 'van', 'stavoren', 'netherlands']]","de vrouwe van stavoren netherlands, ","Havenweg 1, 8715 EM Stavoren, Netherlands",52.88581,5.358423,Netherlands,8715 EM,Friesland,Súdwest Fryslân
102826,,"[102826, ['ice', 'sweden']]","ice sweden, ","1472 National St, Memphis, TN 38122, USA",35.1720017,-89.9418122,United States,38122,Tennessee,Shelby County
102827,,"[102827, ['capsule', 'tokyo', 'japan']]","capsule tokyo japan, ","1 Chome-4-5 Kajichō, Chiyoda-ku, Tōkyō-to 101-0044, Japan",35.6895954,139.7707637,Japan,101-0044,Tōkyō-to,
102828,,"[102828, ['karostas', 'cietums', 'leipaja', 'latvia']]","karostas cietums leipaja latvia, ","Invalīdu iela 4, Liepāja, LV-3414, Latvia",56.5463138,21.0210321,Latvia,3414,,
102829,,"[102829, ['propeller', 'berlin']]","propeller berlin, ","Albrecht-Achilles-Straße 58, 10709 Berlin, Germany",52.4968335,13.3036902,Germany,10709,Berlin,
102830,,"[102830, ['devjibhais', 'kooba', 'eco', 'gujarat', 'india']]","devjibhais kooba eco gujarat india, ","Eco Camp, Jogad Village, Via Dhrangadhra, Jogad, Gujarat 363330, India",23.1436921,71.2100208,India,363330,Gujarat,
102831,,"[102831, ['everland', 'paris']]","everland paris, ","13 Avenue du Président Wilson, 75116 Paris, France",48.8645723,2.2963705,France,75116,Île-de-France,Paris
102832,,"[102832, ['kokopellis', 'mexico']]","kokopellis mexico, ","87 Rd 1980, Farmington, NM 87401, USA",36.7895051,-108.2092891,United States,87401,New Mexico,San Juan County
102833,,"[102833, ['jumbo', 'stockholm']]","jumbo stockholm, ","Jumbovägen 4, 190 47 Stockholm-Arlanda, Sweden",59.6399684,17.9387487,Sweden,190 47,Stockholms län,
102834,,"[102834, ['palacio', 'de', 'sal', 'bolivia']]","palacio de sal bolivia, ","25 Km de Uyuni 25, Potosí, Bolivia",-20.305196,-66.974064,Bolivia,,Departamento de Potosí,Daniel Campos
102835,,"[102835, ['jules', 'undersea']]","jules undersea, ","51 Shoreland Dr, Key Largo, FL 33037, USA",25.1330103,-80.39867699999999,United States,33037,Florida,Monroe County
102836,,"[102836, ['galactic', 'space', 'outer']]","galactic space outer, ",,,,,,,
102859,,"[102859, ['rajasthan']]","rajasthan, ","Rajasthan, India",27.0238036,74.21793260000001,India,,Rajasthan,
102861,,"[102861, ['goa']]","goa, ","Goa, India",15.2993265,74.12399599999999,India,,Goa,
102862,,"[102862, ['pondicherry']]","pondicherry, ","Puducherry, India",11.9415915,79.8083133,India,,Puducherry,Pondicherry
102863,,"[102863, ['andaman']]","andaman, ","Andaman and Nicobar Islands, India",11.7400867,92.6586401,India,,Andaman and Nicobar Islands,
102864,,"[102864, ['daman', 'diu']]","daman diu, ","Daman and Diu, India",20.428283,72.8397317,India,,Daman and Diu,
102865,,"[102865, ['lakshadweep']]","lakshadweep, ","Lakshadweep, India",10.3280265,72.78463359999999,India,,Lakshadweep,
102866,,"[102866, ['thailand']]","thailand, ",Thailand,15.870032,100.992541,Thailand,,,
102867,,"[102867, ['sihanoukville']]","sihanoukville, ","Krong Preah Sihanouk, Cambodia",10.6253016,103.5233963,Cambodia,,Sihanoukville,
102869,,"[102869, ['el', 'nido']]","el nido, ","El Nido, Palawan, Philippines",11.2097089,119.4622539,Philippines,,MIMAROPA,Palawan
102870,,"[102870, ['nha', 'trang', 'vietnam']]","nha trang vietnam, ","Nha Trang, Khanh Hoa Province, Vietnam",12.2387911,109.1967488,Vietnam,,Khanh Hoa Province,
102871,,"[102871, ['port', 'barton']]","port barton, ","Port Barton, San Vicente, Palawan, Philippines",10.442174,119.1158017,Philippines,,MIMAROPA,Palawan
102872,,"[102872, ['moalboal', 'cebu']]","moalboal cebu, ","Moalboal, Cebu, Philippines",9.955660900000002,123.4007598,Philippines,,Central Visayas,Cebu
102873,,"[102873, ['borneo']]","borneo, ",Kalimantan,0.9618833999999999,114.5548495,,,,
102874,,"[102874, ['gilli']]","gilli, ","1100 S San Pedro St # C07, Los Angeles, CA 90015, United States",34.034397,-118.251749,United States,90015,California,
102875,,"[102875, ['mekong', 'delta']]","mekong delta, ","Mekong River Delta, Vietnam",10.063363,105.5943388,Vietnam,,,
102876,,"[102876, ['laos', 'luang', 'prabang']]","laos luang prabang, ","Luang Prabang, Laos",19.8833959,102.1346874,Laos,,Luang Prabang Province,
102897,,"[102897, ['pondicherry']]","pondicherry, ","Puducherry, India",11.9415915,79.8083133,India,,Puducherry,Pondicherry
102898,,"[102898, ['rann', 'kutch']]","rann kutch, ","Rann of Kutch, Gujarat",24.0454286,70.1455805,India,,Gujarat,
102899,,"[102899, ['mumbai']]","mumbai, ","Mumbai, Maharashtra, India",19.0759837,72.8776559,India,,Maharashtra,Mumbai
102900,,"[102900, ['jaipur']]","jaipur, ","Jaipur, Rajasthan, India",26.9124336,75.7872709,India,,Rajasthan,Jaipur
102901,,"[102901, ['wayanad']]","wayanad, ","Wayanad, Kerala, India",11.6853575,76.1319953,India,,Kerala,Wayanad
102902,,"[102902, ['andaman']]","andaman, ","Andaman and Nicobar Islands, India",11.7400867,92.6586401,India,,Andaman and Nicobar Islands,
102924,,"[102924, ['istanbul']]","istanbul, ","Istanbul, Turkey",41.0082376,28.9783589,Turkey,,Istanbul,
102925,,"[102925, ['greece']]","greece, ",Greece,39.074208,21.824312,Greece,,,
102926,,"[102926, ['madhya', 'pradesh']]","madhya pradesh, ","Madhya Pradesh, India",22.9734229,78.6568942,India,,Madhya Pradesh,
102927,,"[102927, ['portugal']]","portugal, ",Portugal,39.39987199999999,-8.224454,Portugal,,,
102928,,"[102928, ['manipur']]","manipur, ","Manipur, India",24.6637173,93.90626879999999,India,,Manipur,
102930,,"[102930, ['jamaica']]","jamaica, ",Jamaica,18.109581,-77.297508,Jamaica,,,
102970,,"[102970, ['naldhera', 'himachal', 'pradesh']]","naldhera himachal pradesh, ","Naldehra, Himachal Pradesh, India",31.1811641,77.18589949999999,India,,Himachal Pradesh,Shimla
102971,,"[102971, ['oberoi', 'amarvilas', 'agra']]","oberoi amarvilas agra, ","Taj East Gate Rd, Paktola, Tajganj, Agra, Uttar Pradesh 282001, India",27.1680032,78.0490121,India,282001,Uttar Pradesh,Agra
102972,,"[102972, ['chateau', 'dori', 'nasik']]","chateau dori nasik, ","Nashik, Maharashtra 422202, India",20.1766004,73.8469099,India,422202,Maharashtra,Nashik
102973,,"[102973, ['gokarna', 'karnataka']]","gokarna karnataka, ","Gokarna, Karnataka, India",14.5478586,74.31884099999999,India,,Karnataka,Uttara Kannada
102974,,"[102974, ['serai', 'chikmagalur', 'karnataka']]","serai chikmagalur karnataka, ","Mugthihalli Post, K M Road, Chickmagaluru, Karnataka 577133, India",13.2749981,75.7316113,India,577133,Karnataka,
102975,,"[102975, ['paro', 'bhutan']]","paro bhutan, ","Paro, Bhutan",27.428684,89.41636539999999,Bhutan,,Paro,
102976,,"[102976, ['bekal', 'kerala']]","bekal kerala, ","Bekal, Kerala, India",12.4203532,75.0231457,India,,Kerala,Kasaragod
102977,,"[102977, ['devi', 'garh', 'udaipur']]","devi garh udaipur, ","NH8, Near Eklingji Temple, Delwara, Udaipur, Rajasthan 313202, India",24.772347,73.749364,India,313202,Rajasthan,
103074,,"[103074, ['golden', 'myanmar']]","golden myanmar, ","343 Highland Ave, Malden, MA 02148, USA",42.4245509,-71.0805632,United States,02148,Massachusetts,Middlesex County
103075,,"[103075, ['trolltunga']]","trolltunga, ","Trolltunga, Odda Municipality, Norway",60.124167,6.74,Norway,,Hordaland,Odda Municipality
103076,,"[103076, ['preikestolen', 'norway']]","preikestolen norway, ","Pulpit Rock, Forsand Municipality, Norway",58.98641,6.190439599999999,Norway,,Rogaland,Forsand Municipality
103077,,"[103077, ['norway']]","norway, ",Norway,60.47202399999999,8.468945999999999,Norway,,,
103078,,"[103078, ['atlantic', 'ocean', 'atlanterhavsveien', 'norway']]","atlantic ocean atlanterhavsveien norway, ","Atlanterhavsveien, Norway",63.01681420000001,7.3548186,Norway,,Møre og Romsdal,
103079,,"[103079, ['victoria', 'falls']]","victoria falls, ","Mosi-o-tunya Road, Livingstone, Zambia",-17.9242993,25.8572003,Zambia,,,
103080,,"[103080, ['half', 'yosemite']]","half yosemite, ","Yosemite National Park, California, USA",37.8651011,-119.5383294,United States,,California,
103081,,"[103081, ['grand', 'canyon']]","grand canyon, ","Grand Canyon National Park, Arizona, USA",36.1069652,-112.1129972,United States,,Arizona,
103082,,"[103082, ['gozo', 'cliffs', 'malta']]","gozo cliffs malta, ","Unnamed Road,, Munxar, Malta",36.0215863,14.2252557,Malta,,,
103083,,"[103083, ['trift', 'switzerland']]","trift switzerland, ","Trift Glacier, 3863 Gadmen, Switzerland",46.6641,8.37068,Switzerland,3863,Canton of Bern,Oberhasli
103084,,"[103084, ['aizhai', 'suspension', 'china']]","aizhai suspension china, ","Aizhai Bridge, 209 National Rd, Jishou Shi, Xiangxi Tujiazumiaozuzizhizhou, Hunan Sheng, China",28.3285373,109.6029048,China,,Hunan Sheng,
103085,,"[103085, ['walk', 'plank', 'mount', 'hua', 'china']]","walk plank mount hua china, ","Huashan Mountain, Huayin, Weinan, China",34.477861,110.084789,China,,,
103086,,"[103086, ['ukraine']]","ukraine, ",Ukraine,48.379433,31.1655799,Ukraine,,,
103087,,"[103087, ['tsingy', 'de', 'bemaraha', 'madagascar']]","tsingy de bemaraha madagascar, ","Tsingy De Bemaraha National Park, Madagascar",-18.89767,44.82980999999999,Madagascar,,Mahajanga Province,Antsalova
103088,,"[103088, ['gateway', 'valhalla', 'namaskaro', 'iceland']]","gateway valhalla namaskaro iceland, ","Namaskardh, Iceland",65.6472222,-16.8266668,Iceland,,,
103089,,"[103089, ['grand', 'prismatic']]","grand prismatic, ","Grand Prismatic Spring, Wyoming 82190, USA",44.52511399999999,-110.8382444,United States,82190,Wyoming,Teton County
103090,,"[103090, ['dallol']]","dallol, ","Dalol, Ethiopia",14.23694,40.29287,Ethiopia,,Afar,Afar Zone 2
103091,,"[103091, ['boiling', 'dominica']]","boiling dominica, ","Boiling Lake, Dominica",15.3184025,-61.2941397,Dominica,,Saint Patrick Parish,
103092,,"[103092, ['erta', 'ale']]","erta ale, ","Erta Ale, Ethiopia",13.6069149,40.6616942,Ethiopia,,Afar,Afar Zone 2
103093,,"[103093, ['door', 'hell', 'turkmenistan']]","door hell turkmenistan, ","Darvaza, Turkmenistan",40.25260309999999,58.43970040000001,Turkmenistan,,Dashoguz Province,
103094,,"[103094, ['fire']]","fire, ","1206 W 11th St, Coffeyville, KS 67337, USA",37.0333388,-95.63481639999999,United States,67337,Kansas,Montgomery County
103095,,"[103095, ['blue', 'russia']]","blue russia, ",,,,,,,
103096,,"[103096, ['truk', 'lagoon']]","truk lagoon, ","Chuuk Lagoon, Federated States of Micronesia",7.446879699999998,151.7473389,Federated States of Micronesia,,,
103097,,"[103097, ['bolton', 'strid']]","bolton strid, ","River Wharfe, United Kingdom",54.0288844,-1.6712788,United Kingdom,,England,
103098,,"[103098, ['icy', 'pit', 'hell', 'gullfoss', 'iceland']]","icy pit hell gullfoss iceland, ","Gullfoss Falls, Iceland",64.3270716,-20.1199478,Iceland,,,
103099,,"[103099, ['easter', 'chile']]","easter chile, ","Easter Island, Valparaiso Region, Chile",-27.112723,-109.3496865,Chile,,Valparaiso Region,Isla de Pascua
103100,,"[103100, ['snake', 'brazil']]","snake brazil, ","Snake Island, Brazil",-24.4879217,-46.6741555,Brazil,,,
103101,,"[103101, ['socotra', 'yemen']]","socotra yemen, ","Socotra, Yemen",12.4634205,53.8237385,Yemen,,Hadhramaut Governorate,
103102,,"[103102, ['isola', 'la', 'gaiola', 'italy']]","isola la gaiola italy, ","Gaiola Island, Italy",40.7915173,14.1870985,Italy,,Campania,
103103,,"[103103, ['rabbit', 'japan']]","rabbit japan, ","76 Forsyth St, New York, NY 10002, USA",40.717203,-73.99313099999999,United States,10002,New York,New York County
103104,,"[103104, ['sable', 'nova', 'scotia']]","sable nova scotia, ","Sable Island, Halifax, NS, Canada",43.93372069999999,-59.91491379999999,Canada,,Nova Scotia,Halifax Regional Municipality
103105,,"[103105, ['palmyra', 'north', 'pacific']]","palmyra north pacific, ","Palmyra Atoll, United States Minor Outlying Islands",5.8885026,-162.0786656,United States Minor Outlying Islands,,,
103106,,"[103106, ['dolls', 'mexico']]","dolls mexico, ","Xochimilco, San Lorenzo, Ciudad de México, CDMX, Mexico",19.272909,-99.08819969999999,Mexico,,Ciudad de México,
103107,,"[103107, ['vulcan', 'philippines']]","vulcan philippines, ","Vulcan Point Island, San Nicolas, Philippines",14.0093356,120.9961459,Philippines,,,
103108,,"[103108, ['christmas', 'ocean']]","christmas ocean, ","755 Asbury Ave, Ocean City, NJ 08226, USA",39.280005,-74.57431540000002,United States,08226,New Jersey,Cape May County
103109,,"[103109, ['floating', 'peru']]","floating peru, ","Peru, Iquitos, Peru",-3.7589107,-73.248097,Peru,,,
103110,,"[103110, ['great', 'pacific', 'garbage', 'patch']]","great pacific garbage patch, ",Pacific Ocean,-8.783195,-124.508523,,,,
102648,"bangkok,thailand","[102648, ['tuk']]","tuk, bangkok,thailand","1026/240 ถนนพระรามที่ 4, แขวง ทุ่งมหาเมฆ เขต สาทร กรุงเทพมหานคร 10120, Thailand",13.725012,100.546544,Thailand,10120,กรุงเทพมหานคร,
102649,"bangkok,thailand","[102649, ['floating']]","floating, bangkok,thailand","Show Dc Entertainment Mall, 99/9-99/6 Rama 9, (next to RCA), Rachada, Bangkok, 10400, Thailand",13.7503151,100.5725689,Thailand,10400,Bangkok,
102650,"bangkok,thailand","[102650, ['oriental']]","oriental, bangkok,thailand","48 Oriental Ave, Khwaeng Bang Rak, Khet Bang Rak, Krung Thep Maha Nakhon 10500, Thailand",13.7239926,100.5142411,Thailand,10500,Krung Thep Maha Nakhon,
102651,"bangkok,thailand","[102651, ['chatuchak']]","chatuchak, bangkok,thailand","Chatuchak, Bangkok, Thailand",13.8361545,100.5633676,Thailand,,Bangkok,
102652,"bangkok,thailand","[102652, ['thai', 'show']]","thai show, bangkok,thailand","48 Oriental Ave, Khwaeng Khlong Ton Sai, Bang Rak, Krung Thep Maha Nakhon 10500, Thailand",13.7245209,100.5117655,Thailand,10500,Krung Thep Maha Nakhon,
102654,"bangkok,thailand","[102654, ['siam', 'paragon']]","siam paragon, bangkok,thailand","สยามพารากอน 991 Rama I Rd, Khwaeng Pathum Wan, Khet Pathum Wan, Krung Thep Maha Nakhon 10330, Thailand",13.7468152,100.535069,Thailand,10330,Krung Thep Maha Nakhon,
102655,"bangkok,thailand","[102655, ['show']]","show, bangkok,thailand","88 Bang Na-Trat Rd, Khwaeng Bang Na, Khet Bang Na, Krung Thep Maha Nakhon 10260, Thailand",13.6699808,100.6084787,Thailand,10260,Krung Thep Maha Nakhon,
102656,"bangkok,thailand","[102656, ['khao', 'san']]","khao san, bangkok,thailand","Thanon Khao San, Khwaeng Talat Yot, Khet Phra Nakhon, Krung Thep Maha Nakhon 10200, Thailand",13.7588679,100.4973658,Thailand,10200,Krung Thep Maha Nakhon,
102657,"bangkok,thailand","[102657, ['wat', 'phra', 'kaew', 'bangkok']]","wat phra kaew bangkok, bangkok,thailand","Na Phra Lan Rd, Khwaeng Phra Borom Maha Ratchawang, Khet Phra Nakhon, Krung Thep Maha Nakhon 10200, Thailand",13.7516435,100.4927041,Thailand,10200,Krung Thep Maha Nakhon,
102658,"bangkok,thailand","[102658, ['lumphini']]","lumphini, bangkok,thailand","Lumphini, Pathum Wan, Bangkok 10330, Thailand",13.7369466,100.543675,Thailand,10330,Bangkok,
102660,"bangkok,thailand","[102660, ['vimanmek', 'teak', 'mansion', 'golden']]","vimanmek teak mansion golden, bangkok,thailand","5/1 Ratchawithi Rd, Khwaeng Dusit, Khet Dusit, Krung Thep Maha Nakhon 10300, Thailand",13.7740476,100.5123959,Thailand,10300,Krung Thep Maha Nakhon,
102661,"bangkok,thailand","[102661, ['wat', 'pho']]","wat pho, bangkok,thailand","2 Sanam Chai Rd, Khwaeng Phra Borom Maha Ratchawang, Khet Phra Nakhon, Krung Thep Maha Nakhon 10200, Thailand",13.7465718,100.4933053,Thailand,10200,Krung Thep Maha Nakhon,
102662,"bangkok,thailand","[102662, ['dinner', 'grand', 'pearl']]","dinner grand pearl, bangkok,thailand","Talat Noi, Samphanthawong, Bangkok 10100, Thailand",13.7305101,100.5129246,Thailand,10100,Bangkok,
102663,"bangkok,thailand","[102663, ['wat', 'arun', 'riverside']]","wat arun riverside, bangkok,thailand","158 Thanon Wang Doem, Khwaeng Wat Arun, Khet Bangkok Yai, Krung Thep Maha Nakhon 10600, Thailand",13.7437,100.4889265,Thailand,10600,Krung Thep Maha Nakhon,
102664,"bangkok,thailand","[102664, ['noodles']]","noodles, bangkok,thailand","1958 Shattuck Ave, Berkeley, CA 94704, USA",37.8727345,-122.2687648,United States,94704,California,Alameda County
102665,"bangkok,thailand","[102665, ['chinatown']]","chinatown, bangkok,thailand","Yaowarat Rd, Krung Thep Maha Nakhon, Thailand",13.7413762,100.5080243,Thailand,,Krung Thep Maha Nakhon,
102666,"bangkok,thailand","[102666, ['pattaya']]","pattaya, bangkok,thailand","Soi Bun Kanchana 2, Muang Pattaya, Amphoe Bang Lamung, Chang Wat Chon Buri 20150, Thailand",12.894422,100.887775,Thailand,20150,Chang Wat Chon Buri,Amphoe Bang Lamung
102667,"bangkok,thailand","[102667, ['bangkok']]","bangkok, bangkok,thailand","Bangkok, Thailand",13.7563309,100.5017651,Thailand,,,
102669,delhi,"[102669, ['morni']]","morni, delhi","T-9, 3rd Floor, Manish Chamber-IV, Plot No. 7, LSC, Dwarka Sec- 12, Delhi, 110075, India",28.5974826,77.0423368,India,110075,Delhi,
102670,delhi,"[102670, ['damdama']]","damdama, delhi","Damdama Lake, Haryana 122102",28.3040418,77.1282023,India,122102,Haryana,Gurgaon
102671,delhi,"[102671, ['murthal']]","murthal, delhi","Murthal, Haryana 131027, India",29.0301118,77.070837,India,131027,Haryana,Sonepat
102672,delhi,"[102672, ['neemrana']]","neemrana, delhi","Neemrana, Rajasthan, India",27.9854076,76.3827368,India,,Rajasthan,Alwar
102673,delhi,"[102673, ['parwanoo']]","parwanoo, delhi","B B, Mansarover Garden, New Delhi, Delhi 110015, India",28.647776,77.12692899999999,India,110015,Delhi,
102674,delhi,"[102674, ['bharatpur']]","bharatpur, delhi","Bharatpur Junction, Railway Colony, Bharatpur, Rajasthan 321001, India",27.2363645,77.4887574,India,321001,Rajasthan,Bharatpur
102675,delhi,"[102675, ['unchagaon']]","unchagaon, delhi","Unchagaon, Uttar Pradesh 203398, India",28.4871318,78.151455,India,203398,Uttar Pradesh,Bulandshahar
102676,delhi,"[102676, ['mathura', 'vrindavan']]","mathura vrindavan, delhi","UG-52 1st Floor, Palika Place, (Near R.K. Ashram Metro Station Punchkuian Road, New Delhi, Delhi 110001, India",28.640319,77.206536,India,110001,Delhi,
102677,delhi,"[102677, ['taj']]","taj, delhi","1, Man Singh Rd, South Block, Man Singh Road Area, New Delhi, Delhi 110001, India",28.6049062,77.2234616,India,110001,Delhi,New Delhi
102678,delhi,"[102678, ['alwar']]","alwar, delhi","Delhi Alwar Transport Co, Delhi Road, Opposite R G Minerals, Near Dharm Kant, Delhi Road, Alwar, Rajasthan 301001, India",27.5608848,76.62470569999999,India,301001,Rajasthan,
102679,delhi,"[102679, ['kuchesar']]","kuchesar, delhi","Kuchesar, Uttar Pradesh 203402, India",28.6849559,77.939954,India,203402,Uttar Pradesh,Ghaziabad
102680,delhi,"[102680, ['jaipur']]","jaipur, delhi","Delhi - Jaipur Expy, India",27.8280484,76.25987090000001,India,,,
102900,delhi,"[102900, ['jaipur']]","jaipur, delhi","Delhi - Jaipur Expy, India",27.8280484,76.25987090000001,India,,,
102686,mauritius,"[102686, ['chamarel']]","chamarel, mauritius","Chamarel, Mauritius",-20.4250942,57.391685,Mauritius,,Rivière Noire District,
102687,mauritius,"[102687, ['ile', 'aux', 'cerfs']]","ile aux cerfs, mauritius","Île aux Cerfs, Mauritius",-20.2723538,57.8041107,Mauritius,,,
102688,mauritius,"[102688, ['relish']]","relish, mauritius",Mauritius,-20.348404,57.55215200000001,Mauritius,,,
102689,mauritius,"[102689, ['pamplemousses', 'botanical']]","pamplemousses botanical, mauritius","Sir Seewoosagur Ramgoolam Botanical Garden, Pamplemousses, Mauritius",-20.1047127,57.58032569999999,Mauritius,,Pamplemousses District,
102690,mauritius,"[102690, ['grand', 'bassin']]","grand bassin, mauritius","Grand Bassin, Mauritius",-20.4180203,57.49172169999999,Mauritius,,Savanne District,
102691,mauritius,"[102691, ['experience']]","experience, mauritius",Mauritius,-20.348404,57.55215200000001,Mauritius,,,
102797,mauritius,"[102797, ['le', 'touessrok']]","le touessrok, mauritius","Coastal Road, Trou d'Eau Douce, Mauritius",-20.2512147,57.7968255,Mauritius,,,
102798,mauritius,"[102798, ['maradiva']]","maradiva, mauritius","Wolmar Wolmar Coastal Road, Flic en Flac, Mauritius",-20.3145098,57.3702199,Mauritius,,,
102799,mauritius,"[102799, ['angsana', 'balaclava']]","angsana balaclava, mauritius","Baie aux Tortues, Le Goulet Rd, Balaclava, Mauritius",-20.1003057,57.5134418,Mauritius,,,
102800,mauritius,"[102800, ['one', 'le', 'saint', 'g', 'ran']]","one le saint g ran, mauritius","Pointe de Flacq, Poste de Flacq 41518, Mauritius",-20.1605564,57.75622610000001,Mauritius,41518,,
102801,mauritius,"[102801, ['oberoi', 'mauritius']]","oberoi mauritius, mauritius","Turtle Bay,, Pointe aux Piments, Mauritius",-20.082648,57.512863,Mauritius,,,
102803,mauritius,"[102803, ['st', 'regis', 'mauritius']]","st regis mauritius, mauritius","Le Morne Peninsula, Mauritius, Le Morne, Mauritius",-20.461349,57.31023829999999,Mauritius,,,
102804,mauritius,"[102804, ['le', 'telfair', 'golf']]","le telfair golf, mauritius","B9 Coastal Road, Bel Ombre, Mauritius",-20.506153,57.409706,Mauritius,,,
102805,mauritius,"[102805, ['lakaz', 'chamarel', 'exclusive']]","lakaz chamarel exclusive, mauritius","Chamarel, Mauritius",-20.4267644,57.3851603,Mauritius,,Rivière Noire District,
102695,india,"[102695, ['bheemeshwari']]","bheemeshwari, india","Sadanandanagar, Bennigana Halli, Bengaluru, Karnataka 560033, India",12.9936398,77.660195,India,560033,Karnataka,Bangalore Urban
102696,india,"[102696, ['hugli']]","hugli, india","Hooghly, West Bengal, India",22.896256,88.24611829999999,India,,West Bengal,Hooghly
102697,india,"[102697, ['brahmaputra']]","brahmaputra, india",Brahmaputra,26.4746671,92.5347513,,,,
102698,india,"[102698, ['underwater', 'andamans']]","underwater andamans, india","43, MA Rd, DAG Colony, Andaman, Andaman and Nicobar Islands 744102, India",11.6688679,92.7326674,India,744102,Andaman and Nicobar Islands,South Andaman
102699,india,"[102699, ['kerala']]","kerala, india","Kerala, India",10.8505159,76.2710833,India,,Kerala,
102700,india,"[102700, ['goa']]","goa, india","Goa, India",15.2993265,74.12399599999999,India,,Goa,
102701,india,"[102701, ['white', 'zanskar']]","white zanskar, india",Zanskar 194302,33.562562,76.98775499999999,,194302,,
102702,india,"[102702, ['bhagirathi']]","bhagirathi, india","Bhagirathi River, Uttarakhand",30.2800408,78.49579399999999,India,,Uttarakhand,Tehri Garhwal
102704,india,"[102704, ['journey', 'mahakali']]","journey mahakali, india",India,20.593684,78.96288,India,,,
102705,india,"[102705, ['goa']]","goa, india","Goa, India",15.2993265,74.12399599999999,India,,Goa,
102706,india,"[102706, ['mysore']]","mysore, india","Mysuru, Karnataka, India",12.2958104,76.6393805,India,,Karnataka,Mysuru
102707,india,"[102707, ['meghalaya']]","meghalaya, india","Meghalaya, India",25.4670308,91.366216,India,,Meghalaya,
102708,india,"[102708, ['dune', 'bashing', 'jaisalmer']]","dune bashing jaisalmer, india","Oppo. Hotel Royal jaisalmer, Dibba Para, Jaisalmer, Rajasthan 345001, India",26.910697,70.91444899999999,India,345001,Rajasthan,
102709,india,"[102709, ['feed', 'crocodiles', 'mahabalipuram']]","feed crocodiles mahabalipuram, india","The Madras Crocodile Bank Trust and Centre for Herpetology, Post Bag No 4, Mahabalipuram, Tamil Nadu 603104, India",12.74287,80.240147,India,603104,Tamil Nadu,
102710,india,"[102710, ['rishikesh']]","rishikesh, india","Rishikesh, Uttarakhand, India",30.0869281,78.2676116,India,,Uttarakhand,Dehradun
102711,india,"[102711, ['kite', 'goa']]","kite goa, india","Riverside Hotel, Junas Waddo, Mandrem, Goa 403527, India",15.663205,73.71217,India,403527,Goa,
102712,india,"[102712, ['andaman']]","andaman, india","Andaman and Nicobar Islands, India",11.7400867,92.6586401,India,,Andaman and Nicobar Islands,
102714,india,"[102714, ['ladakh']]","ladakh, india",,,,,,,
102715,india,"[102715, ['white', 'rishikesh']]","white rishikesh, india","Opposite Sai Ganga Cottage, 1st Floor, Badrinath Rd, Tapovan, Rishikesh, Uttarakhand 249192, India",30.131243,78.324092,India,249192,Uttarakhand,
102716,india,"[102716, ['paragliding', 'manali']]","paragliding manali, india","Kullu - Naggar - Manali Road, Prini, Manali, Himachal Pradesh 175103, India",32.214595,77.1978747,India,175103,Himachal Pradesh,
102717,india,"[102717, ['matheran']]","matheran, india","Matheran, Maharashtra, India",18.9886587,73.271179,India,,Maharashtra,Raigad
102718,india,"[102718, ['dudhsagar']]","dudhsagar, india","Sonaulim, Goa 403410, India",15.3144375,74.3143073,India,403410,Goa,South Goa
102720,india,"[102720, ['walking', 'andaman']]","walking andaman, india","43, MA Rd, DAG Colony, Andaman, Andaman and Nicobar Islands 744102, India",11.6688679,92.7326674,India,744102,Andaman and Nicobar Islands,South Andaman
102721,india,"[102721, ['chennai']]","chennai, india","Chennai, Tamil Nadu, India",13.0826802,80.2707184,India,,Tamil Nadu,Chennai
102722,india,"[102722, ['camping', 'kullu']]","camping kullu, india","Balu Ghera, hampta pass trek, Himachal Pradesh 175101, India",31.961527,77.10824439999999,India,175101,Himachal Pradesh,Kullu
102723,india,"[102723, ['bangalore']]","bangalore, india","Bengaluru, Karnataka, India",12.9715987,77.5945627,India,,Karnataka,Bangalore Urban
102725,india,"[102725, ['ranthambore', 'rajasthan']]","ranthambore rajasthan, india","Ranthambore National Park, Rajasthan, India",26.0173274,76.5025742,India,,Rajasthan,Sawai Madhopur
102726,india,"[102726, ['bengal', 'sunderbans', 'west']]","bengal sunderbans west, india",Sundarbans,21.9497274,89.1833304,,,,
102727,india,"[102727, ['jim', 'corbett', 'uttarakhand']]","jim corbett uttarakhand, india","Jim Corbett National Park, Nainital District, Ramnagar, Uttarakhand 244715, India",29.5300138,78.7746603,India,244715,Uttarakhand,
102728,india,"[102728, ['gir', 'gujarat']]","gir gujarat, india","Amblash, Gujarat 362150, India",21.004552,70.56293389999999,India,362150,Gujarat,Junagadh
102729,india,"[102729, ['bannerghatta', 'karnataka']]","bannerghatta karnataka, india","Bannerughatta, Bengaluru, Karnataka, India",12.8052456,77.5787804,India,,Karnataka,Bangalore Urban
102730,india,"[102730, ['kaziranga', 'assam']]","kaziranga assam, india","Kaziranga, Assam 785609, India",26.6,93.466667,India,785609,Assam,
102731,india,"[102731, ['periyar', 'kerala']]","periyar kerala, india","Thekkady, Kumily, Kerala, India",9.6031088,77.161458,India,,Kerala,Idukki
102732,india,"[102732, ['bandhavgarh', 'madhya', 'pradesh']]","bandhavgarh madhya pradesh, india","Bandhavgarh National Park, State Highway 10, Near Petrol Pump, Badhavgarh, District Umaria, Tala, Madhya Pradesh 484661, India",23.722454,81.024219,India,484661,Madhya Pradesh,
102733,india,"[102733, ['hemis', 'jammu', 'kashmir']]","hemis jammu kashmir, india",Hemis 194201,33.9136846,77.71015299999999,,194201,,
102734,india,"[102734, ['great', 'himalayan', 'himachal', 'pradesh']]","great himalayan himachal pradesh, india","Himachal Pradesh, India",31.1048294,77.17339009999999,India,,Himachal Pradesh,
102735,india,"[102735, ['tadoba', 'maharashtra']]","tadoba maharashtra, india","Tadoba Andhari National Park, Chandrapur, Maharashtra 442401, India",20.2483827,79.360689,India,442401,Maharashtra,Chandrapur
102736,india,"[102736, ['nanda', 'devi', 'uttarakhand']]","nanda devi uttarakhand, india","Nanda Devi, Chamoli, Uttarakhand 246443",30.3758618,79.9708703,India,246443,Uttarakhand,Chamoli
102737,india,"[102737, ['khangchendzonga', 'sikkim']]","khangchendzonga sikkim, india","Khangchendzonga National Park, Sikkim, India",27.6672446,88.3245556,India,,Sikkim,North Sikkim
102765,india,"[102765, ['taj', 'exotica', 'goa']]","taj exotica goa, india","Calwaddo, Salcete, Benaulim, Goa 403716, India",15.244439,73.9247726,India,403716,Goa,
102766,india,"[102766, ['ramada', 'caravela', 'goa']]","ramada caravela goa, india","Varca Beach, Margao, Goa 403721, India",15.2097,73.93375999999999,India,403721,Goa,
102767,india,"[102767, ['leela', 'kempinski', 'kovalam']]","leela kempinski kovalam, india","Beach Road, Kovalam, Thiruvananthapuram, Kerala 695527, India",8.393712899999999,76.9719223,India,695527,Kerala,
102768,india,"[102768, ['vivanta', 'taj', 'fishermans', 'cove', 'chennai']]","vivanta taj fishermans cove chennai, india","Covelong Beach, Chennai, Tamil Nadu 603112, India",12.7975052,80.2482119,India,603112,Tamil Nadu,
102769,india,"[102769, ['blue', 'ocean', 'ratnagiri', 'maharashtra']]","blue ocean ratnagiri maharashtra, india","S.No.127, Malgund , Ratnagiri district, Ganpati Pule, Maharashtra 415615, India",17.179568,73.25798499999999,India,415615,Maharashtra,
102770,india,"[102770, ['mayfair', 'palm', 'ganjam', 'orissa']]","mayfair palm ganjam orissa, india","Gopalpur on Sea, Brahmapur, Odisha DIST:GANJAM761002, India",19.254982,84.904579,India,DIST:GANJAM761002,Odisha,Ganjam
102771,india,"[102771, ['face', 'kovalam']]","face kovalam, india","kovalam, Thiruvananthapuram, Kerala 695527, India",8.387791199999999,76.976653,India,695527,Kerala,Thiruvananthapuram
102772,india,"[102772, ['paradise', 'isle', 'karnataka']]","paradise isle karnataka, india","46, Malpe, Karnataka 576108, India",13.3602842,74.6990029,India,576108,Karnataka,Udupi
102773,india,"[102773, ['radisson', 'blu', 'bay', 'mahabalipuram']]","radisson blu bay mahabalipuram, india","57, Kovalam Rd, Mahabalipuram, Tamil Nadu 603104, India",12.623659,80.1946736,India,603104,Tamil Nadu,Kanchipuram
102774,india,"[102774, ['cherai', 'cochin', 'kerala']]","cherai cochin kerala, india","Cherai Beach, Vypin, Kerala",10.1415953,76.17828329999999,India,,Kerala,
102775,india,"[102775, ['barefoot', 'havelock', 'andaman', 'nicobar']]","barefoot havelock andaman nicobar, india","Beach N0. 7, Radhanagar Village Havelock Island Andaman Islands, Andaman and Nicobar Islands 744211, India",11.9870233,92.9479087,India,744211,Andaman and Nicobar Islands,
102776,india,"[102776, ['khyber', 'gulmarg']]","khyber gulmarg, india","Hotel Khyber Rd, Forest Block, Jammu and Kashmir 193403",34.043223,74.38497,India,193403,Jammu and Kashmir,Baramulla
102777,india,"[102777, ['wildflower', 'hall', 'himachal', 'pradesh']]","wildflower hall himachal pradesh, india","Charabra, Shimla, Himachal Pradesh 171012, India",31.1139375,77.2476734,India,171012,Himachal Pradesh,Shimla
102778,india,"[102778, ['nandadevi']]","nandadevi, india","Nanda Devi, Chamoli, Uttarakhand 246443",30.3758618,79.9708703,India,246443,Uttarakhand,Chamoli
102779,india,"[102779, ['oberoi', 'cecil', 'shimla']]","oberoi cecil shimla, india","Chaura Maidan Rd, Nabha, Shimla, Himachal Pradesh 171004, India",31.10316,77.15499,India,171004,Himachal Pradesh,Shimla
102780,india,"[102780, ['glenburn', 'darjeeling']]","glenburn darjeeling, india","Near Singritan, Darjeeling, West Bengal 734101, India",27.083155,88.33624449999999,India,734101,West Bengal,
102781,india,"[102781, ['vivanta', 'taj', 'madikeri', 'coorg']]","vivanta taj madikeri coorg, india","1st Monnageri, Galibeedu, Post, Madikeri, Karnataka 571201, India",12.4458287,75.6849551,India,571201,Karnataka,
102782,india,"[102782, ['banasura', 'wayanad']]","banasura wayanad, india","Banasura Hill, Kerala 670731",11.694167,75.908056,India,670731,Kerala,Wayanad
102783,india,"[102783, ['ri', 'kynjai', 'shillong']]","ri kynjai shillong, india","Umniuh Khwan, UCC Road, Ri Bhoi District, Meghalaya, India",25.664444,91.87856,India,,Meghalaya,
102784,india,"[102784, ['vivanta', 'taj', 'view', 'dal', 'srinagar']]","vivanta taj view dal srinagar, india","Kralsangri, Brein Srinagar Jammu and Kashmir, 191121",34.102566,74.88144199999999,India,191121,,
102785,india,"[102785, ['oberoi', 'amarvilas', 'agra']]","oberoi amarvilas agra, india","Taj East Gate Rd, Paktola, Tajganj, Agra, Uttar Pradesh 282001, India",27.1680032,78.0490121,India,282001,Uttar Pradesh,Agra
102786,india,"[102786, ['oberoi', 'udaivilas', 'udaipur']]","oberoi udaivilas udaipur, india","Haridas Ji Ki Magri, Mulla Talai, Udaipur, Rajasthan 313001, India",24.5773827,73.67244120000001,India,313001,Rajasthan,
102787,india,"[102787, ['oberoi', 'rajvilas', 'jaipur']]","oberoi rajvilas jaipur, india","Babaji Ka Modh, Goner Rd, Jaipur, Rajasthan 302031, India",26.8759401,75.8837593,India,302031,Rajasthan,
102788,india,"[102788, ['leela', 'udaipur']]","leela udaipur, india","Pichola, Udaipur, Rajasthan 313001, India",24.577952,73.67715199999999,India,313001,Rajasthan,Udaipur
102789,india,"[102789, ['oberoi', 'gurgaon']]","oberoi gurgaon, india","443, Shankar Chowk Rd, Opposite Metro Station, Phase V, Udyog Vihar, Sector 19, Gurugram, Haryana 122016, India",28.5023599,77.0887097,India,122016,Haryana,Gurgaon
102790,india,"[102790, ['oberoi', 'mumbai']]","oberoi mumbai, india","Nariman Point, Mumbai, Maharashtra 400021, India",18.926975,72.8204516,India,400021,Maharashtra,
102791,india,"[102791, ['taj', 'udaipur']]","taj udaipur, india","Pichola, Udaipur, Rajasthan 313001, India",24.575351,73.680016,India,313001,Rajasthan,Udaipur
102792,india,"[102792, ['leela', 'ambience', 'gurgaon']]","leela ambience gurgaon, india","National Highway 8, Ambience Island, DLF Phase 3, Sector 24, Gurugram, Haryana 122002, India",28.505532,77.096398,India,122002,Haryana,Gurgaon
102793,india,"[102793, ['taj', 'mahal', 'mumbai']]","taj mahal mumbai, india","Apollo Bandar, Colaba, Mumbai, Maharashtra 400001, India",18.9217291,72.8330309,India,400001,Maharashtra,Mumbai
102794,india,"[102794, ['leela', 'bangalore']]","leela bangalore, india","23, HAL Old Airport Rd, HAL 2nd Stage, Kodihalli, Bengaluru, Karnataka 560008, India",12.9602923,77.6483145,India,560008,Karnataka,Bangalore Urban
102795,india,"[102795, ['taj', 'falaknuma', 'hyderabad']]","taj falaknuma hyderabad, india","Engine Bowli, Fatima Nagar, Falaknuma, Hyderabad, Telangana 500053, India",17.3313295,78.46617119999999,India,500053,Telangana,
102796,india,"[102796, ['oberoi', 'bangalore']]","oberoi bangalore, india","M G Road, 37-39, MG Road, Bengaluru, Karnataka 560001, India",12.9734674,77.6182098,India,560001,Karnataka,
102847,india,"[102847, ['daman', 'diu']]","daman diu, india","Daman and Diu, India",20.428283,72.8397317,India,,Daman and Diu,
102848,india,"[102848, ['jaisalmer']]","jaisalmer, india","Jaisalmer, Rajasthan 345001, India",26.9157487,70.9083443,India,345001,Rajasthan,Jaisalmer
102851,india,"[102851, ['alleppey']]","alleppey, india","Alappuzha, Kerala, India",9.498066699999999,76.3388484,India,,Kerala,Alappuzha
102852,india,"[102852, ['andaman']]","andaman, india","Andaman and Nicobar Islands, India",11.7400867,92.6586401,India,,Andaman and Nicobar Islands,
102853,india,"[102853, ['darjeeling']]","darjeeling, india","Darjeeling, West Bengal, India",27.0360066,88.2626751,India,,West Bengal,Darjeeling
102855,india,"[102855, ['shimla']]","shimla, india","Shimla, Himachal Pradesh, India",31.1048145,77.17340329999999,India,,Himachal Pradesh,Shimla
102856,india,"[102856, ['kashmir']]","kashmir, india",Jammu and Kashmir,33.778175,76.57617139999999,,,Jammu and Kashmir,
102978,india,"[102978, ['experience', 'varanasi']]","experience varanasi, india","B 34/130-14B-1, Bramhanand Colony, Varanasi, Uttar Pradesh 221005, India",25.286171,82.99586599999999,India,221005,Uttar Pradesh,
102979,india,"[102979, ['gokarna', 'karnataka']]","gokarna karnataka, india","Gokarna, Karnataka, India",14.5478586,74.31884099999999,India,,Karnataka,Uttara Kannada
102980,india,"[102980, ['across', 'thar', 'dessert', 'rajasthan']]","across thar dessert rajasthan, india","Thar Desert, Rajasthan",27.4694892,70.6216794,India,,Rajasthan,
102981,india,"[102981, ['sunderbans', 'west', 'bengal']]","sunderbans west bengal, india",Sundarbans,21.9497274,89.1833304,,,,
102982,india,"[102982, ['chandni', 'chowk', 'delhi']]","chandni chowk delhi, india","Chandni Chowk, New Delhi, Delhi, India",28.6505942,77.23032839999999,India,,Delhi,North Delhi
102983,india,"[102983, ['paragliding', 'bir', 'billing', 'himachal', 'pradesh']]","paragliding bir billing himachal pradesh, india","Near Paragliding Landing Site, Paragliding Landing Site Rd, Chaugan, Himachal Pradesh 176077, India",32.040556,76.710602,India,176077,Himachal Pradesh,Kangra
102984,india,"[102984, ['bhangarh', 'rajasthan']]","bhangarh rajasthan, india","Bhangarh, Rajasthan 301410, India",27.0944102,76.32465169999999,India,301410,Rajasthan,Alwar
102985,india,"[102985, ['experience', 'spiti', 'himachal', 'pradesh']]","experience spiti himachal pradesh, india","Spiti Valley, Marango Rangarik, Himachal Pradesh 172114",32.246137,78.034916,India,172114,Himachal Pradesh,Lahaul And Spiti
102986,india,"[102986, ['rishikesh']]","rishikesh, india","Rishikesh, Uttarakhand, India",30.0869281,78.2676116,India,,Uttarakhand,Dehradun
102987,india,"[102987, ['cherrapunji']]","cherrapunji, india","Cherrapunjee, Meghalaya, India",25.2716565,91.73080329999999,India,,Meghalaya,East Khasi Hills
102988,india,"[102988, ['nubra', 'leh', 'ladakh']]","nubra leh ladakh, india","Tukcha Fort Road Leh Leh Jammu and Kashmir, 194401",34.16171569999999,77.5771353,India,194401,,
102989,india,"[102989, ['andaman', 'nicobar']]","andaman nicobar, india","Andaman and Nicobar Islands, India",11.7400867,92.6586401,India,,Andaman and Nicobar Islands,
102990,india,"[102990, ['yumthang', 'sikkim']]","yumthang sikkim, india","Yumthang, Sikkim 737120, India",27.8267952,88.6958087,India,737120,Sikkim,North Sikkim
102991,india,"[102991, ['roopkund', 'uttarakhand']]","roopkund uttarakhand, india","Roop Kund, Uttarakhand 246435",30.2621718,79.7314871,India,246435,Uttarakhand,Chamoli
102992,india,"[102992, ['rann', 'kutch', 'gujarat']]","rann kutch gujarat, india","Rann of Kutch, Gujarat",24.0454286,70.1455805,India,,Gujarat,
102993,india,"[102993, ['golden', 'delhi', 'agra', 'jaipur']]","golden delhi agra jaipur, india","Delhi, India",28.7040592,77.10249019999999,India,,Delhi,
102994,india,"[102994, ['delhi']]","delhi, india","Delhi, India",28.7040592,77.10249019999999,India,,Delhi,
102995,india,"[102995, ['jaipur']]","jaipur, india","Jaipur, Rajasthan, India",26.9124336,75.7872709,India,,Rajasthan,Jaipur
102996,india,"[102996, ['agra']]","agra, india","Agra, Uttar Pradesh, India",27.1766701,78.00807449999999,India,,Uttar Pradesh,Agra
102998,india,"[102998, ['kashmir']]","kashmir, india",Jammu and Kashmir,33.778175,76.57617139999999,,,Jammu and Kashmir,
102999,india,"[102999, ['north', 'east']]","north east, india",Northeast India,25.5736012,93.24725649999999,India,,,
103001,india,"[103001, ['andaman', 'nicobar']]","andaman nicobar, india","Andaman and Nicobar Islands, India",11.7400867,92.6586401,India,,Andaman and Nicobar Islands,
103002,india,"[103002, ['haridwar', 'rishikesh']]","haridwar rishikesh, india","Rishikesh, Uttarakhand, India",30.0869281,78.2676116,India,,Uttarakhand,Dehradun
103003,india,"[103003, ['kerala']]","kerala, india","Kerala, India",10.8505159,76.2710833,India,,Kerala,
103004,india,"[103004, ['jim', 'corbett', 'nainital']]","jim corbett nainital, india","Ayarpatta, Nainital, Uttarakhand 263002, India",29.3881964,79.4505514,India,263002,Uttarakhand,
103006,india,"[103006, ['mumbai']]","mumbai, india","Mumbai, Maharashtra, India",19.0759837,72.8776559,India,,Maharashtra,Mumbai
103007,india,"[103007, ['puri']]","puri, india","Puri, Odisha, India",19.8133822,85.8314655,India,,Odisha,Puri
103008,india,"[103008, ['coorg', 'ooty', 'kodaikanal', 'south', 'india']]","coorg ooty kodaikanal south india, india","ettines Road, # 421 Aishwarya garden, Ooty, Tamil Nadu 643001, India",11.407393,76.706435,India,643001,Tamil Nadu,
103009,india,"[103009, ['coorg']]","coorg, india","Kodagu, Karnataka, India",12.3374942,75.8069082,India,,Karnataka,Kodagu
103010,india,"[103010, ['ooty']]","ooty, india","Ooty, Tamil Nadu, India",11.4064138,76.69324379999999,India,,Tamil Nadu,Nilgiris
103011,india,"[103011, ['kodaikanal']]","kodaikanal, india","Kodaikanal, Tamil Nadu, India",10.2381136,77.4891822,India,,Tamil Nadu,Dindigul
102859,india,"[102859, ['rajasthan']]","rajasthan, india","Rajasthan, India",27.0238036,74.21793260000001,India,,Rajasthan,
102861,india,"[102861, ['goa']]","goa, india","Goa, India",15.2993265,74.12399599999999,India,,Goa,
102863,india,"[102863, ['andaman']]","andaman, india","Andaman and Nicobar Islands, India",11.7400867,92.6586401,India,,Andaman and Nicobar Islands,
102864,india,"[102864, ['daman', 'diu']]","daman diu, india","Daman and Diu, India",20.428283,72.8397317,India,,Daman and Diu,
102898,india,"[102898, ['rann', 'kutch']]","rann kutch, india","Rann of Kutch, Gujarat",24.0454286,70.1455805,India,,Gujarat,
102899,india,"[102899, ['mumbai']]","mumbai, india","Mumbai, Maharashtra, India",19.0759837,72.8776559,India,,Maharashtra,Mumbai
102900,india,"[102900, ['jaipur']]","jaipur, india","Jaipur, Rajasthan, India",26.9124336,75.7872709,India,,Rajasthan,Jaipur
102901,india,"[102901, ['wayanad']]","wayanad, india","Wayanad, Kerala, India",11.6853575,76.1319953,India,,Kerala,Wayanad
102902,india,"[102902, ['andaman']]","andaman, india","Andaman and Nicobar Islands, India",11.7400867,92.6586401,India,,Andaman and Nicobar Islands,
102926,india,"[102926, ['madhya', 'pradesh']]","madhya pradesh, india","Madhya Pradesh, India",22.9734229,78.6568942,India,,Madhya Pradesh,
102971,india,"[102971, ['oberoi', 'amarvilas', 'agra']]","oberoi amarvilas agra, india","Taj East Gate Rd, Paktola, Tajganj, Agra, Uttar Pradesh 282001, India",27.1680032,78.0490121,India,282001,Uttar Pradesh,Agra
102973,india,"[102973, ['gokarna', 'karnataka']]","gokarna karnataka, india","Gokarna, Karnataka, India",14.5478586,74.31884099999999,India,,Karnataka,Uttara Kannada
102754,"sri,lanka","[102754, ['taprobane']]","taprobane, sri,lanka",Sri Lanka,7.873053999999999,80.77179699999999,Sri Lanka,,,
102755,"sri,lanka","[102755, ['last']]","last, sri,lanka","90,Nawala Road nugegoda Sri Lanka Negegoda Sri Lanka, 12000, Sri Lanka",6.879396,79.89106799999999,Sri Lanka,12000,,
102757,"sri,lanka","[102757, ['jetwing', 'galle']]","jetwing galle, sri,lanka","Dadella, Galle 80000, Sri Lanka",6.0421658,80.19477049999999,Sri Lanka,80000,,
102758,"sri,lanka","[102758, ['tangalle']]","tangalle, sri,lanka","Tangalle, Sri Lanka",6.0243383,80.79407259999999,Sri Lanka,,Southern Province,Hambantota
102759,"sri,lanka","[102759, ['cape', 'weligama']]","cape weligama, sri,lanka","Abimanagama Rd, Weligama, Sri Lanka",5.959790000000001,80.409903,Sri Lanka,,Southern Province,Matara
102760,"sri,lanka","[102760, ['saman', 'secluded', 'beachfront']]","saman secluded beachfront, sri,lanka",Sri Lanka,7.873053999999999,80.77179699999999,Sri Lanka,,,
102761,"sri,lanka","[102761, ['fortress', 'koggala']]","fortress koggala, sri,lanka","Koggala, Habaraduwa, Galle 80000, Sri Lanka",5.986536,80.326424,Sri Lanka,80000,,
102762,"sri,lanka","[102762, ['kingsbury', 'colombo']]","kingsbury colombo, sri,lanka","48 Janadhipathi Mawatha, Colombo, Sri Lanka",6.9328897,79.841951,Sri Lanka,,Western Province,Colombo
102763,"sri,lanka","[102763, ['era', 'jetwing', 'colonial']]","era jetwing colonial, sri,lanka","No-834, Galle Road, Talpe, Galle 80000, Sri Lanka",5.998472800000001,80.27496289999999,Sri Lanka,80000,31,Galle
102764,"sri,lanka","[102764, ['balinese', 'architecture', 'serene', 'pavilions', 'wadduwa']]","balinese architecture serene pavilions wadduwa, sri,lanka","Sri Lanka, Wadduwa, 20 Upali Mawatha邮政编码: 12560",6.6715661,79.9222005,Sri Lanka,12560,,
102806,taj,"[102806, ['taj', 'udaipur']]","taj udaipur, taj","Pichola, Udaipur, Rajasthan 313001, India",24.575351,73.680016,India,313001,Rajasthan,Udaipur
102807,taj,"[102807, ['taj', 'falaknuma', 'hyderabad']]","taj falaknuma hyderabad, taj","Engine Bowli, Fatima Nagar, Falaknuma, Hyderabad, Telangana 500053, India",17.3313295,78.46617119999999,India,500053,Telangana,
102808,taj,"[102808, ['umaid', 'bhawan', 'jodhpur']]","umaid bhawan jodhpur, taj","Circuit House Rd, Cantt Area, Jodhpur, Rajasthan 342006, India",26.2810589,73.0476932,India,342006,Rajasthan,Jodhpur
102809,taj,"[102809, ['taj', 'rambagh', 'jaipur']]","taj rambagh jaipur, taj","Bhawani Singh Rd, Rambagh, Jaipur, Rajasthan 302005, India",26.8981724,75.8080887,India,302005,Rajasthan,Jaipur
102810,taj,"[102810, ['taj', 'mahal', 'delhi']]","taj mahal delhi, taj","1, Man Singh Rd, South Block, Man Singh Road Area, New Delhi, Delhi 110001, India",28.6049062,77.2234616,India,110001,Delhi,New Delhi
102811,taj,"[102811, ['taj', 'west', 'end', 'bangalore']]","taj west end bangalore, taj","25, Race Course Road, Sampangi Rama Nagar, High Grounds, Bengaluru, Karnataka 560001, India",12.984321,77.58452720000001,India,560001,Karnataka,
102812,taj,"[102812, ['taj', 'mahal', 'mumbai']]","taj mahal mumbai, taj","Apollo Bandar, Colaba, Mumbai, Maharashtra 400001, India",18.9217291,72.8330309,India,400001,Maharashtra,Mumbai
102899,taj,"[102899, ['mumbai']]","mumbai, taj","Apollo Bandar, Colaba, Mumbai, Maharashtra 400001, India",18.9217291,72.8330309,India,400001,Maharashtra,Mumbai
102900,taj,"[102900, ['jaipur']]","jaipur, taj","Jacob Rd, Civil Lines, Jaipur, Rajasthan 302006, India",26.9121335,75.7851706,India,302006,Rajasthan,Jaipur
102813,maldives,"[102813, ['soneva', 'fushi', 'kunfunadhoo']]","soneva fushi kunfunadhoo, maldives","Kunfunadhoo Island Baa Atoll, Maldives",5.1116705,73.07862999999999,Maldives,,,
102814,maldives,"[102814, ['taj']]","taj, maldives","Emboodhu Finolhu, South Male Atoll 02117, Maldives",4.10096,73.52613,Maldives,02117,,
102815,maldives,"[102815, ['shangri', 'la', 'villingili']]","shangri la villingili, maldives","Villingili Island, Addu City 28019, Maldives",-0.6761039999999999,73.194726,Maldives,28019,,
102816,maldives,"[102816, ['four', 'seasons', 'maldives']]","four seasons maldives, maldives","Baa Atoll, Maldives",5.2862638,73.112301,Maldives,,North Province,Baa Atoll
102817,maldives,"[102817, ['one', 'reethi', 'rah']]","one reethi rah, maldives","Reethi Rah, North Malé Atoll, Malé 08440, Maldives",4.520509,73.366933,Maldives,08440,,
102818,maldives,"[102818, ['cocoa', 'como']]","cocoa como, maldives","Makunufushi, South Malé Atoll 20109, Maldives",3.91786,73.469824,Maldives,20109,,
102819,maldives,"[102819, ['six', 'senses', 'laamu']]","six senses laamu, maldives","Laamu Atoll 15090, Maldives",1.8171277,73.4050224,Maldives,15090,South Central Province,Laamu Atoll
102820,maldives,"[102820, ['maldives']]","maldives, maldives",Maldives,3.202778,73.22068,Maldives,,,
102821,maldives,"[102821, ['centara', 'grand', 'maldives']]","centara grand maldives, maldives","Centara Grand Island, Maldives 00000, Maldives",3.593561,72.883557,Maldives,00000,,
102822,maldives,"[102822, ['banyan', 'vabbinfaru']]","banyan vabbinfaru, maldives","Kaafu Atoll, North Male Atoll, Maldives",4.309694900000001,73.4237766,Maldives,,,
102837,manali,"[102837, ['solang']]","solang, manali","Solang, Himachal Pradesh, India",32.3230263,77.1564253,India,,Himachal Pradesh,Kullu
102838,manali,"[102838, ['span']]","span, manali","14 mile, Badagran Bihal, Leh Manali Hwy, Manali, Himachal Pradesh 175129, India",32.1302851,77.15668959999999,India,175129,Himachal Pradesh,Kullu
102839,manali,"[102839, ['manu', 'allaya']]","manu allaya, manali","Sunny Side, Chadiyari, Manali, Himachal Pradesh 175131, India",32.2540751,77.1919841,India,175131,Himachal Pradesh,
102840,manali,"[102840, ['himalayan']]","himalayan, manali","Manali, Himachal Pradesh, India",32.2396325,77.1887145,India,,Himachal Pradesh,Kullu
102841,manali,"[102841, ['manali']]","manali, manali","Manali, Himachal Pradesh, India",32.2396325,77.1887145,India,,Himachal Pradesh,Kullu
102842,manali,"[102842, ['manali', 'white']]","manali white, manali","Prini village, Manali Naggar Highway, Kullu District, Manali, Himachal Pradesh 175131, India",32.2237727,77.1958195,India,175131,Himachal Pradesh,
102843,manali,"[102843, ['apple', 'country']]","apple country, manali","Log Huts Area Rd, Log Huts Area, District Kullu, Manali, Himachal Pradesh 175131, India",32.2510395,77.1751618,India,175131,Himachal Pradesh,
102844,manali,"[102844, ['crescent']]","crescent, manali","2558-1, VPO, NH 21, Kullu, Rangri, Manali, Himachal Pradesh 175131, India",32.2141905,77.1885604,India,175131,Himachal Pradesh,
102845,manali,"[102845, ['banon', 'manali']]","banon manali, manali","New Hope Orchards, Circuit House Rd, Old Manali, Manali, Himachal Pradesh 175131, India",32.251295,77.183675,India,175131,Himachal Pradesh,Kullu
102846,manali,"[102846, ['inn']]","inn, manali","NH 21, Rangree, Near Indian Petrol Pump, Manali, Himachal Pradesh 175131, India",32.2215532,77.1913824,India,175131,Himachal Pradesh,
102877,"india,new","[102877, ['goa']]","goa, india,new","Sanscar Society, Margao, Goa 403601, India",15.2715854,73.95967759999999,India,403601,Goa,South Goa
102878,"india,new","[102878, ['bangalore']]","bangalore, india,new","Shop No.4, Plot No.89/1, SP Road, Dodpete, Nagarathpet, Bangalore, KA 560002, India",12.964818,77.583671,India,,,
102879,"india,new","[102879, ['mumbai']]","mumbai, india,new","Navi Mumbai, Maharashtra, India",19.0330488,73.0296625,India,,Maharashtra,Thane
102880,"india,new","[102880, ['delhi']]","delhi, india,new","New Delhi, Delhi, India",28.6139391,77.2090212,India,,Delhi,
102881,"india,new","[102881, ['kolkata']]","kolkata, india,new","Newtown, Kolkata, West Bengal, India",22.5765243,88.4796344,India,,West Bengal,Kolkata
102882,"india,new","[102882, ['pondicherry']]","pondicherry, india,new","204, Mahatma Gandhi Rd, Heritage Town, Puducherry, 605001, India",11.9356529,79.8322388,India,605001,Puducherry,Pondicherry
102883,"india,new","[102883, ['gulmarg']]","gulmarg, india,new",Gulmarg 193403,34.0483704,74.3804791,,193403,,
102884,"india,new","[102884, ['mcleodganj']]","mcleodganj, india,new","Temple Road, Near Dalai Lama Temple, Mcleodganj, Upper Dharamshala, Kangra, Himachal Pradesh 176219, India",32.2330802,76.3259965,India,176219,Himachal Pradesh,
102886,"india,new","[102886, ['manali']]","manali, india,new","Left bank Nagar Road, Behind Indian Oil Petrol Pump, Aleo, Manali, Himachal Pradesh 175131, India",32.237833,77.193889,India,175131,Himachal Pradesh,
102887,"india,new","[102887, ['jaipur']]","jaipur, india,new","Shop No.1 Pandey Market Opposite Hawa Mahal, Jaipur, Rajasthan 302002, India",26.923808,75.827266,India,302002,Rajasthan,
102889,"india,new","[102889, ['paradise', 'gokarna']]","paradise gokarna, india,new","Kudle Beach, Gokarna, Karnataka 581326, India",14.5276818,74.3160446,India,581326,Karnataka,
102890,"india,new","[102890, ['rann', 'kutch']]","rann kutch, india,new","Rann of Kutch, Gujarat",24.0454286,70.1455805,India,,Gujarat,
102861,"india,new","[102861, ['goa']]","goa, india,new","Sanscar Society, Margao, Goa 403601, India",15.2715854,73.95967759999999,India,403601,Goa,South Goa
102862,"india,new","[102862, ['pondicherry']]","pondicherry, india,new","204, Mahatma Gandhi Rd, Heritage Town, Puducherry, 605001, India",11.9356529,79.8322388,India,605001,Puducherry,Pondicherry
102897,"india,new","[102897, ['pondicherry']]","pondicherry, india,new","204, Mahatma Gandhi Rd, Heritage Town, Puducherry, 605001, India",11.9356529,79.8322388,India,605001,Puducherry,Pondicherry
102898,"india,new","[102898, ['rann', 'kutch']]","rann kutch, india,new","Rann of Kutch, Gujarat",24.0454286,70.1455805,India,,Gujarat,
102899,"india,new","[102899, ['mumbai']]","mumbai, india,new","Navi Mumbai, Maharashtra, India",19.0330488,73.0296625,India,,Maharashtra,Thane
102900,"india,new","[102900, ['jaipur']]","jaipur, india,new","Shop No.1 Pandey Market Opposite Hawa Mahal, Jaipur, Rajasthan 302002, India",26.923808,75.827266,India,302002,Rajasthan,
102903,visa,"[102903, ['sri', 'lanka']]","sri lanka, visa","4-1/1 Geethanjalee Pl, Colombo, Sri Lanka",6.8981661,79.85453989999999,Sri Lanka,,Western Province,Colombo
102904,visa,"[102904, ['thailand']]","thailand, visa","17 Isabella St #100, Toronto, ON M4Y 1M7, Canada",43.667807,-79.384513,Canada,M4Y 1M7,Ontario,Toronto Division
102905,visa,"[102905, ['maldives']]","maldives, visa","801 2nd Ave #202E, New York, NY 10017, USA",40.7504398,-73.9721359,United States,10017,New York,New York County
102907,visa,"[102907, ['nepal']]","nepal, visa","7, 10 N Dearborn St, Chicago, IL 60602, USA",41.8824306,-87.6297103,United States,60602,Illinois,Cook County
102908,visa,"[102908, ['bhutan']]","bhutan, visa",Bhutan,27.514162,90.433601,Bhutan,,,
102909,visa,"[102909, ['seychelles']]","seychelles, visa",Seychelles,-4.679574,55.491977,Seychelles,,,
102910,visa,"[102910, ['indonesia']]","indonesia, visa","5 E 68th St, New York, NY 10065, USA",40.76971959999999,-73.96791759999999,United States,10065,New York,New York County
102912,visa,"[102912, ['hong', 'kong']]","hong kong, visa","Tsim Sha Tsui East, Kowloon, Hong Kong, 916 New Mandarin Plaza Tower B, 14 Science Museum Rd, Tsim Sha Tsui, Hong Kong",22.300724,114.178776,Hong Kong,,Kowloon,
102913,visa,"[102913, ['macau']]","macau, visa",Macau,22.198745,113.543873,Macau,,,
102914,visa,"[102914, ['fiji']]","fiji, visa","1707 L St NW #200, Washington, DC 20036, USA",38.9039943,-77.03926539999999,United States,20036,District of Columbia,
102915,visa,"[102915, ['jamaica']]","jamaica, visa","767 3rd Ave, New York, NY 10017, USA",40.7542529,-73.9714264,United States,10017,New York,New York County
102916,visa,"[102916, ['kenya']]","kenya, visa","2249 R St NW, Washington, DC 20008, USA",38.9128327,-77.0502784,United States,20008,District of Columbia,
102917,visa,"[102917, ['bolivia']]","bolivia, visa","3014 Massachusetts Ave NW, Washington, DC 20008, USA",38.9192709,-77.06108200000001,United States,20008,District of Columbia,
102918,visa,"[102918, ['salvador', 'el']]","salvador el, visa","1400 16th St NW, Washington, DC 20036, USA",38.9090481,-77.0369765,United States,20036,District of Columbia,
102919,visa,"[102919, ['madagascar']]","madagascar, visa","2374 Massachusetts Ave NW, Washington, DC 20008, USA",38.913322,-77.052933,United States,20008,District of Columbia,
102920,visa,"[102920, ['laos']]","laos, visa","2222 S St NW, Washington, DC 20008, USA",38.913897,-77.0495052,United States,20008,District of Columbia,
102921,visa,"[102921, ['cook']]","cook, visa","8171 Cook Rd Suite 210, Richmond, BC V6Y 3T8, Canada",49.1666783,-123.1341014,Canada,V6Y 3T8,British Columbia,Greater Vancouver
102922,visa,"[102922, ['nicaragua']]","nicaragua, visa","Managua, Nicaragua",12.1212267,-86.2837146,Nicaragua,,Managua,
102923,visa,"[102923, ['cape', 'verde']]","cape verde, visa","3415 Massachusetts Ave NW, Washington, DC 20007, USA",38.9251071,-77.0678325,United States,20007,District of Columbia,
102866,visa,"[102866, ['thailand']]","thailand, visa","17 Isabella St #100, Toronto, ON M4Y 1M7, Canada",43.667807,-79.384513,Canada,M4Y 1M7,Ontario,Toronto Division
102930,visa,"[102930, ['jamaica']]","jamaica, visa","767 3rd Ave, New York, NY 10017, USA",40.7542529,-73.9714264,United States,10017,New York,New York County
102931,party,"[102931, ['vegas']]","vegas, party","4214 Bertsos #3, Las Vegas, NV 89103, USA",36.1133753,-115.2018852,United States,89103,Nevada,Clark County
102932,party,"[102932, ['brazil']]","brazil, party","640 W National Ave, Brazil, IN 47834, USA",39.52112229999999,-87.13500289999999,United States,47834,Indiana,Clay County
102933,party,"[102933, ['ibiza']]","ibiza, party","Ibiza, Spanien, Avinguda Pere Matutes Noguera, 22, 07800 Eivissa, Illes Balears, Spain",38.9028742,1.4191989,Spain,07800,,Illes Balears
102934,party,"[102934, ['amsterdam']]","amsterdam, party","Waddenweg 3-A, 1025 PR Amsterdam, Netherlands",52.391638,4.9253187,Netherlands,1025 PR,Noord-Holland,Amsterdam
102935,party,"[102935, ['montreal']]","montreal, party","1836 Rue Sainte-Catherine O, Montréal, QC H3H 1M1, Canada",45.4930822,-73.5796443,Canada,H3H 1M1,Québec,Communauté-Urbaine-de-Montréal
102936,party,"[102936, ['macau']]","macau, party","Shop 2116B, 2/F, Shoppes AT Cotai Central, Cotai Strip, Macau, Macau",22.204727,113.555257,Macau,,,
102937,party,"[102937, ['germany']]","germany, party","Alte Schmelze 24b, 65201 Wiesbaden, Germany",50.0486648,8.2098432,Germany,65201,Hessen,Darmstadt
102938,party,"[102938, ['tokyo']]","tokyo, party","Japan, Tōkyō-to, Tokyo",35.6649445,139.7328146,Japan,,Tōkyō-to,
102939,party,"[102939, ['goa']]","goa, party","3181 Wolfedale Rd, Mississauga, ON L5C 1W1, Canada",43.566868,-79.640787,Canada,L5C 1W1,Ontario,Peel Regional Municipality
102861,party,"[102861, ['goa']]","goa, party","3181 Wolfedale Rd, Mississauga, ON L5C 1W1, Canada",43.566868,-79.640787,Canada,L5C 1W1,Ontario,Peel Regional Municipality
102940,"hen,party","[102940, ['bangkok']]","bangkok, hen,party",,,,,,,
102941,"hen,party","[102941, ['colombo', 'shopaholics', 'paradise']]","colombo shopaholics paradise, hen,party","Colombo, Sri Lanka",6.9270786,79.861243,Sri Lanka,,Western Province,Colombo
102942,"hen,party","[102942, ['unwind', 'bhutan']]","unwind bhutan, hen,party",Bhutan,27.514162,90.433601,Bhutan,,,
102943,"hen,party","[102943, ['extreme', 'nepal']]","extreme nepal, hen,party",Nepal,28.394857,84.12400799999999,Nepal,,,
102944,"hen,party","[102944, ['goa', 'party', 'hub']]","goa party hub, hen,party","Goa, India",15.2993265,74.12399599999999,India,,Goa,
102945,"hen,party","[102945, ['adrenaline', 'rush', 'rishikesh']]","adrenaline rush rishikesh, hen,party","Rishikesh, Uttarakhand, India",30.0869281,78.2676116,India,,Uttarakhand,Dehradun
102946,"hen,party","[102946, ['grandeur', 'jaisalmer']]","grandeur jaisalmer, hen,party","Jaisalmer, Rajasthan 345001, India",26.9157487,70.9083443,India,345001,Rajasthan,Jaisalmer
102947,"hen,party","[102947, ['country', 'nashik']]","country nashik, hen,party","Nashik, Maharashtra, India",19.9974533,73.78980229999999,India,,Maharashtra,Nashik
102948,"hen,party","[102948, ['unspoiled', 'gokarna']]","unspoiled gokarna, hen,party","Gokarna, Karnataka, India",14.5478586,74.31884099999999,India,,Karnataka,Uttara Kannada
102949,"hen,party","[102949, ['fran', 'aise', 'experience', 'pondicherry']]","fran aise experience pondicherry, hen,party","Puducherry, India",11.9415915,79.8083133,India,,Puducherry,Pondicherry
102861,"hen,party","[102861, ['goa']]","goa, hen,party","Goa, India",15.2993265,74.12399599999999,India,,Goa,
102862,"hen,party","[102862, ['pondicherry']]","pondicherry, hen,party","Southboulveard beach road, Puducherry, 605001, India",11.924897,79.832551,India,605001,Puducherry,
102897,"hen,party","[102897, ['pondicherry']]","pondicherry, hen,party","Southboulveard beach road, Puducherry, 605001, India",11.924897,79.832551,India,605001,Puducherry,
102950,"north,east","[102950, ['one', 'horned', 'rhinoceros', 'kaziranga']]","one horned rhinoceros kaziranga, north,east","Kaziranga National Park, Kanchanjuri, Assam 784177, India",26.577531,93.171122,India,784177,Assam,Sonitpur
102952,"north,east","[102952, ['concert', 'ziro']]","concert ziro, north,east","SSBS-10-3, Abulyang, Ziro, Arunachal Pradesh 791120",27.5604323,93.84143449999999,India,791120,Arunachal Pradesh,Lower Subansiri
102955,"north,east","[102955, ['gorichen', 'peak']]","gorichen peak, north,east","Gori Chen Mountain, Shannan 790105",27.7948951,92.3875523,,790105,,
102956,"north,east","[102956, ['nuranang', 'falls']]","nuranang falls, north,east","Cona, Shannan, Arunachal Pradesh 790105",27.589488,91.98330039999999,India,790105,Arunachal Pradesh,Tawang
102958,"north,east","[102958, ['jaintia']]","jaintia, north,east","West Jaintia Hills, Meghalaya, India",25.5021272,92.341887,India,,Meghalaya,West Jaintia Hills
102960,"north,east","[102960, ['sandakphu']]","sandakphu, north,east","Sandakphu, 57300, Nepal",27.06,88,Nepal,57300,Eastern Development Region,Mechi
102961,"north,east","[102961, ['serenity', 'peace', 'phodong']]","serenity peace phodong, north,east","Phodong, Sikkim 737119, India",27.4079802,88.5716305,India,737119,Sikkim,North Sikkim
102962,"north,east","[102962, ['solace', 'ravangla']]","solace ravangla, north,east","Ravangla, Sikkim 737139, India",27.3065811,88.3639986,India,737139,Sikkim,West Sikkim
102964,"north,east","[102964, ['yak']]","yak, north,east","2057 Pulaski Hwy #1, North East, MD 21901, USA",39.6123219,-75.932234,United States,21901,Maryland,Cecil County
102965,"north,east","[102965, ['talatal', 'ghar']]","talatal ghar, north,east","Duboroni Ali Road, Joysagar, Dicial Dhulia Gaon, Assam 785697, India",26.9662944,94.62502060000001,India,785697,Assam,
102966,"north,east","[102966, ['bihu', 'festival']]","bihu festival, north,east",Northeast India,25.5736012,93.24725649999999,India,,,
102967,"north,east","[102967, ['majuli']]","majuli, north,east","Majuli, Assam",27.0016172,94.2242981,India,,Assam,
102969,"north,east","[102969, ['shilloi']]","shilloi, north,east","Shilloi Lake, Nagaland 797114",25.5956377,94.7931105,India,797114,Nagaland,Phek
103013,"south,africa","[103013, ['durban']]","durban, south,africa","Durban, South Africa",-29.85868039999999,31.0218404,South Africa,,KwaZulu-Natal,Durban Metro
103014,"south,africa","[103014, ['nelson', 'mandela', 'bay']]","nelson mandela bay, south,africa","Port Elizabeth, South Africa",-33.7452412,25.5681084,South Africa,,Eastern Cape,Port Elizabeth
103017,"south,africa","[103017, ['bloemfontein']]","bloemfontein, south,africa","Bloemfontein, South Africa",-29.085214,26.1595761,South Africa,,Free State,Motheo
103019,"south,africa","[103019, ['jacaranda', 'pretoria']]","jacaranda pretoria, south,africa","21 Ave 911, Rietfontein, Pretoria, 0084, South Africa",-25.697507,28.219652,South Africa,0084,Gauteng,Pretoria
103020,"south,africa","[103020, ['kimberley']]","kimberley, south,africa","Kimberley, South Africa",-28.7282384,24.7499112,South Africa,,Northern Cape,Diamandveld
103021,"south,africa","[103021, ['pietermaritzburg']]","pietermaritzburg, south,africa","Pietermaritzburg, South Africa",-29.6006068,30.3794118,South Africa,,KwaZulu-Natal,Indlovu DC
103064,"south,africa","[103064, ['franschhoek']]","franschhoek, south,africa","Franschhoek, 7690, South Africa",-33.8974833,19.1523292,South Africa,7690,Western Cape,Cape Winelands
103065,"south,africa","[103065, ['queenstown']]","queenstown, south,africa","Queenstown, South Africa",-31.9127239,26.9597017,South Africa,,Eastern Cape,Stormberg District
103066,"south,africa","[103066, ['route']]","route, south,africa","7 Apricot Way, Westridge, Cape Town, 7785, South Africa",-34.0469227,18.5963462,South Africa,7785,Western Cape,Cape Town
103067,"south,africa","[103067, ['kwazulu', 'natal']]","kwazulu natal, south,africa","KwaZulu-Natal, South Africa",-28.5305539,30.8958242,South Africa,,KwaZulu-Natal,
103071,"south,africa","[103071, ['dullstroom']]","dullstroom, south,africa","Dullstroom, South Africa",-25.4183833,30.1040715,South Africa,,Mpumalanga,Nkangala
103073,"south,africa","[103073, ['swaziland']]","swaziland, south,africa","1016 E Pike St Suite 200, Seattle, WA 98122, USA",47.614348,-122.3186706,United States,98122,Washington,King County
103022,switzerland,"[103022, ['lucerne']]","lucerne, switzerland","Lucerne, Switzerland",47.05016819999999,8.3093072,Switzerland,,Lucerne,Lucerne District
103023,switzerland,"[103023, ['interlaken']]","interlaken, switzerland","Interlaken, Switzerland",46.6863481,7.863204899999999,Switzerland,,Canton of Bern,Interlaken District
103025,switzerland,"[103025, ['geneva']]","geneva, switzerland","Geneva, Switzerland",46.2043907,6.1431577,Switzerland,,Geneva,Genève
103026,switzerland,"[103026, ['matterhorn']]","matterhorn, switzerland",Matterhorn,45.976575,7.6584519,,,,
103027,switzerland,"[103027, ['zurich']]","zurich, switzerland","Zürich, Switzerland",47.3768866,8.541694,Switzerland,,Zurich,Zürich District
103028,switzerland,"[103028, ['swiss']]","swiss, switzerland",Switzerland,46.818188,8.227511999999999,Switzerland,,,
103029,switzerland,"[103029, ['chateau', 'de', 'chillon']]","chateau de chillon, switzerland","Avenue de Chillon 21, 1820 Veytaux, Switzerland",46.4142131,6.927492399999999,Switzerland,1820,Vaud,Riviera-Pays-d'Enhaut
103030,switzerland,"[103030, ['st', 'moritz']]","st moritz, switzerland","St Moritz, Switzerland",46.4907973,9.8355079,Switzerland,,Grisons,Maloja District
103031,switzerland,"[103031, ['bern']]","bern, switzerland","Bern, Switzerland",46.9479739,7.4474468,Switzerland,,Canton of Bern,Bern
103032,switzerland,"[103032, ['rhine', 'falls']]","rhine falls, switzerland","Rheinfallquai, 8212 Neuhausen am Rheinfall, Switzerland",47.67795090000001,8.6155799,Switzerland,8212,Zürich,Andelfingen
103206,switzerland,"[103206, ['switzerland']]","switzerland, switzerland",Switzerland,46.818188,8.227511999999999,Switzerland,,,
103207,switzerland,"[103207, ['switzerland']]","switzerland, switzerland",Switzerland,46.818188,8.227511999999999,Switzerland,,,
103209,switzerland,"[103209, ['switzerland']]","switzerland, switzerland",Switzerland,46.818188,8.227511999999999,Switzerland,,,
103033,australia,"[103033, ['bondi']]","bondi, australia","Bondi Beach, NSW 2026, Australia",-33.8914755,151.2766845,Australia,2026,New South Wales,Waverley Council
103034,australia,"[103034, ['lizard']]","lizard, australia","349 Lafe Cox Drive, Johnson City, TN 37604, USA",36.299441,-82.34090499999999,United States,37604,Tennessee,Washington County
103035,australia,"[103035, ['byron']]","byron, australia","Byron, NSW, Australia",-28.6533749,153.5334025,Australia,,New South Wales,Byron Shire Council
103036,australia,"[103036, ['mile']]","mile, australia","Miles QLD 4415, Australia",-26.658333,150.187222,Australia,4415,Queensland,Western Downs Regional
103037,australia,"[103037, ['mandalay', 'western', 'australia']]","mandalay western australia, australia","652 Geographe Bay Rd, Broadwater WA 6280, Australia",-33.6572763,115.296453,Australia,6280,Western Australia,City of Busselton
103038,australia,"[103038, ['wineglass', 'bay']]","wineglass bay, australia","Freycinet National Park, Coles Bay Rd, Coles Bay TAS 7215, Australia",-42.1306443,148.3123093,Australia,7215,Tasmania,Glamorgan-Spring Bay Council
103039,australia,"[103039, ['noosa', 'sunshine', 'coast']]","noosa sunshine coast, australia","Sunshine Coast QLD, Australia",-26.65,153.066667,Australia,,Queensland,
103040,australia,"[103040, ['burleigh', 'heads']]","burleigh heads, australia","Burleigh Heads QLD 4220, Australia",-28.104,153.436,Australia,4220,Queensland,Gold Coast City
103042,australia,"[103042, ['whitehaven']]","whitehaven, australia","Whitehaven Beach, Whitsundays QLD 4802, Australia",-20.2824324,149.038854,Australia,4802,Queensland,Whitsunday Regional
103043,australia,"[103043, ['hyams']]","hyams, australia","Hyams Beach NSW 2540, Australia",-35.1033165,150.6918909,Australia,2540,New South Wales,Shoalhaven City Council
103044,australia,"[103044, ['monkey', 'mia']]","monkey mia, australia","Monkey Mia, 1 Monkey Mia Rd, Monkey Mia WA 6537, Australia",-25.794353,113.7179401,Australia,6537,Western Australia,Shire of Shark Bay
103047,nepal,"[103047, ['nagarkot']]","nagarkot, nepal","Nagarkot, Nepal",27.7173579,85.50457109999999,Nepal,,Central Development Region,Bagmati
103049,nepal,"[103049, ['mahendra', 'gufa']]","mahendra gufa, nepal","Pokhara 33700, Nepal",28.2716656,83.9795116,Nepal,33700,Western Development Region,Gandaki
103050,nepal,"[103050, ['lumbini']]","lumbini, nepal","Lumbini, Nepal",27.6791987,83.5070203,Nepal,,Western Development Region,Lumbini
103052,nepal,"[103052, ['thamel', 'area']]","thamel area, nepal","Thamel, Kathmandu 44600, Nepal",27.7153902,85.3123293,Nepal,44600,Central Development Region,Bagmati
103053,nepal,"[103053, ['bhaktapur']]","bhaktapur, nepal","Bhaktapur, Nepal",27.6710221,85.4298197,Nepal,,Central Development Region,Bagmati
103054,malaysia,"[103054, ['perhentian', 'kecil']]","perhentian kecil, malaysia","Pulau Perhentian Kecil, Terengganu, Malaysia",5.9071022,102.7221306,Malaysia,,Terengganu,
103055,malaysia,"[103055, ['mantanani']]","mantanani, malaysia","Mantanani Islands, Malaysia",6.716666699999999,116.3333333,Malaysia,,,
103056,malaysia,"[103056, ['mataking']]","mataking, malaysia","Pulau Mataking, Sabah, Malaysia",4.5762588,118.9489446,Malaysia,,Sabah,
103057,malaysia,"[103057, ['rawa']]","rawa, malaysia","Pulau Rawa, Johor, Malaysia",2.5204381,103.9760408,Malaysia,,Johor,
103058,malaysia,"[103058, ['layang']]","layang, malaysia","Layang - Layang, Perak, Malaysia",4.4095658,100.901604,Malaysia,,Perak,
103059,malaysia,"[103059, ['teluk', 'duyung', 'penang']]","teluk duyung penang, malaysia","Jalan Hassan Abas, Teluk Bahang, 11050 Tanjung Bungah, Pulau Pinang, Malaysia",5.4707033,100.1878509,Malaysia,11050,Pulau Pinang,
103060,malaysia,"[103060, ['sibu', 'johor']]","sibu johor, malaysia","Pulau Sibu, Mersing, Johor, Malaysia",2.2263461,104.0623854,Malaysia,,Johor,
103061,malaysia,"[103061, ['mabul']]","mabul, malaysia","Mabul Island, Sabah, Malaysia",4.2457011,118.6315839,Malaysia,,Sabah,
103062,malaysia,"[103062, ['pangkor']]","pangkor, malaysia","Pangkor Island, Perak, Malaysia",4.2274912,100.5577407,Malaysia,,Perak,
103063,malaysia,"[103063, ['sipadan']]","sipadan, malaysia","Sipadan Island, Malaysia",4.1149742,118.6286669,Malaysia,,,
103111,jaisalmer,"[103111, ['jaisalmer']]","jaisalmer, jaisalmer","Jaisalmer, Rajasthan 345001, India",26.9157487,70.9083443,India,345001,Rajasthan,Jaisalmer
103112,jaisalmer,"[103112, ['bada', 'bagh']]","bada bagh, jaisalmer","Bada Baugh Chhatris Rd, Rajasthan 345001, India",26.9553016,70.8874666,India,345001,Rajasthan,Jaisalmer
103113,jaisalmer,"[103113, ['patwon', 'ki', 'haveli']]","patwon ki haveli, jaisalmer","Patwon ki Haveliyan, Jaisalmer, Rajasthan 345001, India",26.9164024,70.91434559999999,India,345001,Rajasthan,
103114,jaisalmer,"[103114, ['salim', 'singh', 'ki', 'haveli']]","salim singh ki haveli, jaisalmer","Amar Sagar Pol, Jaisalmer, Rajasthan 345001, India",26.9137537,70.916106,India,345001,Rajasthan,Jaisalmer
103115,jaisalmer,"[103115, ['sam', 'dunes']]","sam dunes, jaisalmer","Sam Sand Dunes Desert Safari Camp Jaisalmer, Sam Sand Dunes Near Sam Toll Barrier, Right Side On Sam Road, Rajasthan 345001, India",26.866589,70.566613,India,345001,Rajasthan,Jaisalmer
103118,jaisalmer,"[103118, ['sadar', 'bazaar']]","sadar bazaar, jaisalmer","Sadar Bazar, Jaisalmer, Rajasthan 345001, India",26.9150059,70.91083909999999,India,345001,Rajasthan,Jaisalmer
103119,jaisalmer,"[103119, ['silk', 'route']]","silk route, jaisalmer","kalakar colony, patwa haveli road, Malka Pol, Jaisalmer, Rajasthan 345001, India",26.9195377,70.9130852,India,345001,Rajasthan,Jaisalmer
103120,jaisalmer,"[103120, ['sonaron', 'ka', 'baas']]","sonaron ka baas, jaisalmer","Jaisalmer, Rajasthan 345001, India",26.9157487,70.9083443,India,345001,Rajasthan,Jaisalmer
103123,bhutan,"[103123, ['thimphu']]","thimphu, bhutan","Thimphu, Bhutan",27.4727924,89.6392863,Bhutan,,Thimphu,
103125,bhutan,"[103125, ['gangtey']]","gangtey, bhutan",Bhutan,27.4847807,90.1647379,Bhutan,,Wangdue Phodrang,
103127,shimla,"[103127, ['tunnel']]","tunnel, shimla","Circular Road, Longwood, Shimla, Himachal Pradesh 171001, India",31.1078382,77.179273,India,171001,Himachal Pradesh,Shimla
103129,shimla,"[103129, ['convent', 'jesus', 'mary', 'shimla']]","convent jesus mary shimla, shimla","Nav Bahaar Directorate Rd, Navbhahar, Chotta Shimla, Shimla, Himachal Pradesh 171002, India",31.0925579,77.18859499999999,India,171002,Himachal Pradesh,Shimla
103130,shimla,"[103130, ['indira', 'gandhi', 'medical', 'college']]","indira gandhi medical college, shimla","Ridge Sanjauli Road, Lakkar Bazar, Shimla, Himachal Pradesh 171001, India",31.1064901,77.1822518,India,171001,Himachal Pradesh,
103133,kasol,"[103133, ['kasol']]","kasol, kasol","Kasol, Himachal Pradesh 175105, India",32.0099986,77.3149625,India,175105,Himachal Pradesh,Kullu
103134,kasol,"[103134, ['kasol']]","kasol, kasol","Kasol, Himachal Pradesh 175105, India",32.0099986,77.3149625,India,175105,Himachal Pradesh,Kullu
103136,spain,"[103136, ['tenerife', 'canary']]","tenerife canary, spain","Tenerife, Santa Cruz de Tenerife, Spain",28.2915637,-16.6291304,Spain,,Canary Islands,Santa Cruz de Tenerife
103137,spain,"[103137, ['madrid']]","madrid, spain","Madrid, Spain",40.4167754,-3.7037902,Spain,,Community of Madrid,Madrid
103138,spain,"[103138, ['toledo']]","toledo, spain","Toledo, Spain",39.8628316,-4.027323099999999,Spain,,Castile-La Mancha,Toledo
103139,spain,"[103139, ['spain']]","spain, spain",Spain,40.46366700000001,-3.74922,Spain,,,
103140,spain,"[103140, ['colorful', 'costa', 'galicia']]","colorful costa galicia, spain","Galicia, Spain",42.5750554,-8.1338558,Spain,,Galicia,
103141,spain,"[103141, ['alicante']]","alicante, spain","Alicante, Spain",38.3459963,-0.4906855,Spain,,Valencian Community,Alicante
103143,spain,"[103143, ['benidorm']]","benidorm, spain","Benidorm, Alicante, Spain",38.5410566,-0.1224937,Spain,,Valencian Community,Alicante
103144,spain,"[103144, ['ibiza']]","ibiza, spain","Ibiza, Balearic Islands, Spain",39.0200099,1.4821482,Spain,,Balearic Islands,Balearic Islands
103145,spain,"[103145, ['barcelona']]","barcelona, spain","Barcelona, Spain",41.3850639,2.1734035,Spain,,Catalonia,Barcelona
103146,"bhangarh,india","[103146, ['bhangarh']]","bhangarh, bhangarh,india","Bhangarh, Rajasthan 301410, India",27.0944102,76.32465169999999,India,301410,Rajasthan,Alwar
103147,"bhangarh,india","[103147, ['bhangarh']]","bhangarh, bhangarh,india","Bhangarh, Rajasthan 301410, India",27.0944102,76.32465169999999,India,301410,Rajasthan,Alwar
103150,himachal,"[103150, ['sunrise', 'way']]","sunrise way, himachal","Anandpur Road, Near Rail Under Bridge, Shoghi, Shimla, Himachal Pradesh 171219, India",31.0447359,77.13167779999999,India,171219,Himachal Pradesh,
103152,himachal,"[103152, ['badolia', 'baba']]","badolia baba, himachal","Badoli, Himachal Pradesh 174302, India",31.5387401,76.2150956,India,174302,Himachal Pradesh,Una
103155,himachal,"[103155, ['boating', 'ji']]","boating ji, himachal","Himachal Pradesh, India",31.1048294,77.17339009999999,India,,Himachal Pradesh,
103157,himachal,"[103157, ['suketi', 'fossil']]","suketi fossil, himachal","Suketi, Himachal Pradesh, India",31.5656426,77.2986963,India,,Himachal Pradesh,Mandi
103159,bora,"[103159, ['bora']]","bora, bora","Bora Bora, French Polynesia",-16.5004126,-151.7414904,French Polynesia,,Leeward Islands,
103160,bora,"[103160, ['star', 'bora']]","star bora, bora","Bora Bora, French Polynesia",-16.5004126,-151.7414904,French Polynesia,,Leeward Islands,
103161,bora,"[103161, ['star', 'bora']]","star bora, bora","Bora Bora, French Polynesia",-16.5004126,-151.7414904,French Polynesia,,Leeward Islands,
103163,bora,"[103163, ['bora']]","bora, bora","Bora Bora, French Polynesia",-16.5004126,-151.7414904,French Polynesia,,Leeward Islands,
103165,bora,"[103165, ['le', 'truck', 'bora']]","le truck bora, bora",French Polynesia,-16.5298807,-151.7443281,French Polynesia,,,
103168,bora,"[103168, ['bora']]","bora, bora","Bora Bora, French Polynesia",-16.5004126,-151.7414904,French Polynesia,,Leeward Islands,
103169,bora,"[103169, ['bora']]","bora, bora","Bora Bora, French Polynesia",-16.5004126,-151.7414904,French Polynesia,,Leeward Islands,
103170,bora,"[103170, ['bora']]","bora, bora","Bora Bora, French Polynesia",-16.5004126,-151.7414904,French Polynesia,,Leeward Islands,
103171,seychelles,"[103171, ['star']]","star, seychelles","Inter-Island Quay, Victoria, Seychelles",-4.619494299999999,55.4582655,Seychelles,,,
103172,seychelles,"[103172, ['star']]","star, seychelles","Inter-Island Quay, Victoria, Seychelles",-4.619494299999999,55.4582655,Seychelles,,,
103173,seychelles,"[103173, ['star']]","star, seychelles","Inter-Island Quay, Victoria, Seychelles",-4.619494299999999,55.4582655,Seychelles,,,
103175,finland,"[103175, ['igloos']]","igloos, finland","Kiilopääntie 9, 99830 Saariselkä, Finland",68.3342349,27.3347501,Finland,99830,,
103176,finland,"[103176, ['kakslauttanen']]","kakslauttanen, finland","Kiilopääntie 9, 99830 Saariselkä, Finland",68.3342349,27.3347501,Finland,99830,,
103177,finland,"[103177, ['kakslauttanen', 'igloo']]","kakslauttanen igloo, finland","Kiilopääntie 9, 99830 Saariselkä, Finland",68.3342349,27.3347501,Finland,99830,,
103179,fiji,"[103179, ['viti', 'levu']]","viti levu, fiji","Viti Levu, Fiji",-17.8483187,178.0118473,Fiji,,,
103180,fiji,"[103180, ['mamanucas']]","mamanucas, fiji","Mamanuca Islands, Fiji",-17.612702,177.1669986,Fiji,,Western Division,
103181,fiji,"[103181, ['yasawas']]","yasawas, fiji","Yasawa Islands, Fiji",-17.0249832,177.2505928,Fiji,,Western Division,
103183,fiji,"[103183, ['taveuni']]","taveuni, fiji","Taveuni Island, Fiji",-16.8414365,-179.9813445,Fiji,,Northern Division,
103184,fiji,"[103184, ['tokoriki']]","tokoriki, fiji","Tokoriki, Fiji",-17.5751021,177.0911424,Fiji,,,
103185,fiji,"[103185, ['kora', 'sun']]","kora sun, fiji",Fiji,-16.7990359,179.4235343,Fiji,,Northern Division,Savusavu
103186,fiji,"[103186, ['wakaya']]","wakaya, fiji","Wakaya, Fiji",-17.6160613,179.0012007,Fiji,,Eastern Division,Lomaiviti
103187,fiji,"[103187, ['turtle']]","turtle, fiji","10906 NE 39th St # A1, Vancouver, WA 98682, USA",45.651323,-122.560832,United States,98682,Washington,Clark County
103188,fiji,"[103188, ['likuliku', 'lagoon']]","likuliku lagoon, fiji",Fiji,-17.7412762,177.1484526,Fiji,,Western Division,
103189,fiji,"[103189, ['tadrai']]","tadrai, fiji",Fiji,-17.6748502,177.113471,Fiji,,Western Division,
103190,fiji,"[103190, ['namale']]","namale, fiji","Hibiscus Hwy, Savusavu, Fiji",-16.798065,179.372325,Fiji,,Northern Division,Savusavu
103191,fiji,"[103191, ['radisson', 'blu', 'fiji']]","radisson blu fiji, fiji","Resort Dr, Denarau Island, Fiji",-17.7762771,177.367268,Fiji,,Western Division,Ba
103192,fiji,"[103192, ['laucala']]","laucala, fiji","Laucala Island, Fiji",-16.7527144,-179.6863219,Fiji,,Northern Division,
103193,fiji,"[103193, ['vomo']]","vomo, fiji","Vomo, Fiji",-17.4918893,177.2680507,Fiji,,Western Division,
103194,fiji,"[103194, ['snorkeling', 'viti', 'levu']]","snorkeling viti levu, fiji","Port Denarau Terminal, Nadi, Fiji",-17.772169,177.3804839,Fiji,,Western Division,Ba
103195,fiji,"[103195, ['waidroka']]","waidroka, fiji","Queens Rd, Pacific Harbour, Fiji",-18.272146,177.902426,Fiji,,,
103196,fiji,"[103196, ['beqa', 'lagoon']]","beqa lagoon, fiji","Box 112 Deuba, Beqa, Fiji",-18.380755,178.103205,Fiji,,,
103197,fiji,"[103197, ['navua']]","navua, fiji","Navua, Fiji",-18.2231656,178.1730427,Fiji,,Central Division,Serua
103198,fiji,"[103198, ['major']]","major, fiji",Fiji,-17.713371,178.065032,Fiji,,,
103199,"ice,alaska","[103199, ['ice']]","ice, ice,alaska","3446 W Irving Park Rd, Chicago, IL 60618, USA",41.95399889999999,-87.7148208,United States,60618,Illinois,Cook County
103200,"ice,alaska","[103200, ['slippery']]","slippery, ice,alaska","Alaska, USA",64.2008413,-149.4936733,United States,,Alaska,
103201,"ice,alaska","[103201, ['walk', 'ice']]","walk ice, ice,alaska","Matanuska Glacier, Alaska, USA",61.6558333,-147.581111,United States,,Alaska,Matanuska-Susitna
103204,"ice,alaska","[103204, ['juneau']]","juneau, ice,alaska","Mendenhall Glacier, Juneau, AK 99801, USA",58.4409459,-134.5458632,United States,99801,Alaska,Juneau
103205,"ice,alaska","[103205, ['airport']]","airport, ice,alaska","Point Thomson Sea Ice Airstrip, Alaska 99507, USA",70.181144,-146.3503501,United States,99507,Alaska,North Slope
103213,mahabaleshwar,"[103213, ['citrus', 'chambers', 'mahabaleshwar']]","citrus chambers mahabaleshwar, mahabaleshwar","Citrus Chambers Mahabaleshwar, L.C. Dsouza Road, near Aaram chowk, Mahabaleshwar, Maharashtra 412806, India",17.921761,73.663725,India,412806,Maharashtra,
103214,mahabaleshwar,"[103214, ['brightland']]","brightland, mahabaleshwar","Kates Point Road, Mahabaleshwar, Maharashtra 412806, India",17.9372709,73.6985153,India,412806,Maharashtra,Satara
103215,mahabaleshwar,"[103215, ['evershine', 'keys']]","evershine keys, mahabaleshwar","C.T.S No 182, Gautam Road, Mahabaleshwar, Maharashtra 412806, India",17.923024,73.667445,India,412806,Maharashtra,
103216,mahabaleshwar,"[103216, ['bella', 'vista']]","bella vista, mahabaleshwar","Village Metgutad, Mahabaleshwar, Maharashtra 412806, India",17.92511,73.693185,India,412806,Maharashtra,
103217,mahabaleshwar,"[103217, ['venna']]","venna, mahabaleshwar","Venna Lake, Mahabaleshwar, Maharashtra 412806",17.9340091,73.665026,India,412806,Maharashtra,Satara
103218,mahabaleshwar,"[103218, ['pratapgarh']]","pratapgarh, mahabaleshwar","Poladpur Mahabaleshwar Road, Mahabaleshwar, Maharashtra 412806, India",17.9335079,73.5805705,India,412806,Maharashtra,
103219,mahabaleshwar,"[103219, ['bombay']]","bombay, mahabaleshwar","Mahabaleshwar, Maharashtra 412806, India",17.916571,73.633504,India,412806,Maharashtra,Satara
103220,mahabaleshwar,"[103220, ['lingamala', 'falls', 'mahabaleshwar']]","lingamala falls mahabaleshwar, mahabaleshwar","Panchgani - Mahabaleswar Rd, Maharashtra 412806, India",17.9221074,73.69371989999999,India,412806,Maharashtra,Satara
103221,mahabaleshwar,"[103221, ['mahabaleshwar']]","mahabaleshwar, mahabaleshwar","Mahabaleshwar, Maharashtra 412806, India",17.9307285,73.6477342,India,412806,Maharashtra,Satara
103222,mahabaleshwar,"[103222, ['elephants', 'head']]","elephants head, mahabaleshwar","Elephants Head Point, Jaoli, Maharashtra 412806",17.9407972,73.6316411,India,412806,Maharashtra,Satara
103223,mahabaleshwar,"[103223, ['strawberry', 'farm', 'mahabaleshwar']]","strawberry farm mahabaleshwar, mahabaleshwar","House No.45, Patil (madhale Avad), Old Mahabaleshwar- Nakinda Road Avakali, Mahabaleshwar, Maharashtra 412806, India",17.9260506,73.7101398,India,412806,Maharashtra,
103227,ahmedabad,"[103227, ['marine', 'species', 'customers', 'watch', 'dine']]","marine species customers watch dine, ahmedabad","Ahmedabad, Gujarat, India",23.022505,72.5713621,India,,Gujarat,Ahmedabad
103228,ahmedabad,"[103228, ['served']]","served, ahmedabad","Ahmedabad, Gujarat, India",23.022505,72.5713621,India,,Gujarat,Ahmedabad
103235,"dudhsagar,goa","[103235, ['dudhsagar']]","dudhsagar, dudhsagar,goa","Sonaulim, Goa 403410, India",15.3144375,74.3143073,India,403410,Goa,South Goa
